,IMG_001,IMG_002,IMG_003,IMG_004,IMG_005,IMG_006,IMG_007,IMG_008,IMG_009,IMG_010,IMG_011,IMG_012,IMG_013,IMG_014,IMG_015,IMG_016,IMG_017,IMG_018,IMG_019,IMG_020,IMG_021,IMG_022,IMG_023,IMG_024,IMG_025,IMG_026,IMG_027,IMG_028,IMG_029,IMG_030
IMG_001,0.10754502,-0.0102419015,-0.009200305,0.08616854,0.034672998,0.11046554,0.038340017,0.0827975,0.0060727187,0.05108302,0.034502074,0.06606839,0.031683482,0.052870624,0.04276532,0.005011316,0.064931735,-0.026255924,0.07421318,-0.0034408858,0.10129876,0.030092526,0.072110936,0.038372964,0.036692917,0.017960565,0.03255806,0.063464895,-0.027806584,0.009119539
IMG_002,0.029172348,0.07269152,0.08785664,0.09367837,0.06790372,0.07925743,0.070672944,0.065186456,0.07285076,0.053963073,0.046048995,0.11007849,0.045135453,0.05892311,0.02784045,0.06795932,0.081868686,0.056755584,0.03958203,0.04373517,0.05956933,0.059671834,0.032928675,0.05356463,0.05568626,0.06684625,0.081006706,0.007911878,0.06336539,0.0340967
IMG_003,-0.0030426495,0.0507686,0.125364,0.025868751,0.03800942,0.06112603,0.036209956,0.008556145,0.039966453,5.170703e-05,0.015986731,0.06816776,0.06626661,0.041015033,-0.015277928,0.04996386,0.035455428,0.03099228,0.0018650414,0.030891385,0.0075718183,0.023672115,-0.009589642,0.01676809,0.046037517,0.03895182,0.039540872,-0.009139009,0.105244756,-0.0018986836
IMG_004,0.0021189284,0.016182391,0.04907822,0.14656456,0.027349263,0.0715854,0.0275276,0.11898872,0.03374701,0.09542431,0.02074733,0.099271,0.008730682,0.03095413,0.017080659,0.039871756,0.10922127,0.01557468,-0.0036468357,0.017331604,0.10535497,0.031781837,0.014453428,0.03770843,0.037522536,0.05310726,0.03028473,0.006827756,0.029854048,0.015157359
IMG_005,0.029830761,0.081002764,0.085208625,0.067331836,0.11461636,0.06904747,0.054674644,0.04729714,0.087813675,0.040068768,0.008788614,0.12430281,0.031500906,0.03390302,0.02092485,0.049312215,0.07206476,0.11482544,0.029229252,0.0628563,0.032107875,0.08064099,0.01789891,0.05928516,0.0825315,0.081138745,0.05105349,0.0059056077,0.037131462,0.06841469
IMG_006,0.04819265,0.032991804,0.029734487,0.072801456,0.07067913,0.12469038,0.031720053,0.08355957,0.056482095,0.048304573,0.025010463,0.07786104,0.049356345,0.037885137,0.038348116,0.040943146,0.07518013,0.0075013544,0.046912827,0.030029165,0.07814793,0.056110073,0.08596618,0.03639102,0.1040177,0.043412518,0.051180188,0.11427113,0.023369225,0.037491087
IMG_007,-0.043441735,-0.0068787234,0.03736145,0.056778446,0.010516943,0.035089005,0.04592625,0.018939184,0.003164297,-0.0074031875,0.026096268,0.05438257,-0.031586908,0.022158813,-0.025654737,-0.010545794,0.04936558,-0.017225891,0.021301385,0.057889335,0.0061688507,0.004165019,-0.0047606844,0.009890483,0.019422429,0.031309813,0.026319468,-0.02102254,-0.021027401,-0.02070319
IMG_008,-0.020420548,-0.016365267,-0.0018086489,0.08694918,-0.032737214,0.057110492,0.032413926,0.16112539,-0.0016760924,0.03906723,-0.040518336,0.08074851,-0.023035439,0.03252802,0.009252127,0.003354745,0.0906892,-0.03303287,0.007906397,-0.003701359,0.14253071,-0.029193806,-0.008256826,0.03425243,-0.002976086,-0.0026224498,0.019410828,-0.013001893,-0.0073668044,-0.047854073
IMG_009,0.015861258,0.053247984,0.08722675,0.067541644,0.08215298,0.058202952,0.045107268,0.048179492,0.10248573,0.042616416,0.016912948,0.12287134,0.039658397,0.03225668,0.0006030351,0.04725061,0.05990426,0.08915936,0.021462344,0.037133515,0.043356482,0.09626959,0.022729462,0.048063256,0.060351983,0.06751962,0.061142743,0.0026667947,0.055515148,0.06409982
IMG_010,0.01272441,0.015158693,0.017344192,0.06988211,0.024292955,0.061050028,0.0062822993,0.057018988,0.02184395,0.12883645,0.034138948,0.05575845,0.03191722,0.03092989,0.025345448,0.012019255,0.046779945,-0.0072740726,0.025258593,0.019649927,0.047129277,0.029212307,0.014048568,0.011138538,0.03442252,0.044354096,0.023213038,0.041769803,0.02507698,0.01646618
IMG_011,-0.0075413436,-0.0015515746,0.08149796,0.070459574,0.01140579,0.05159372,0.057670727,0.0368544,0.010128463,0.026126772,0.11032615,0.06350005,-0.015528813,0.06252858,-0.0077874083,-0.00066935644,0.058287572,-0.01916866,0.015456511,0.037730433,0.042764593,0.0342606,-0.008068278,0.033123426,0.027739491,0.040328007,0.06566536,0.0002524592,-0.00052770134,-0.03834843
IMG_012,-0.029207483,0.09797424,0.03533297,0.031660993,0.002792851,0.018729422,0.037364673,0.007686627,0.0024221535,0.0082022855,-0.03800493,0.05170446,0.028972534,0.02484963,-0.010403803,0.03289833,0.047096856,-0.024089672,0.00620158,-0.013021413,0.002973557,-0.012605031,0.019946713,0.017543362,0.050003238,0.003485484,0.008647439,-0.01546165,0.008888324,-0.023792768
IMG_013,0.024709683,0.027976714,0.06138081,0.041333355,0.008463631,0.09351902,0.00011073239,0.05568125,0.047227904,-0.00079353526,-0.024970159,0.06334471,0.17903213,0.06885909,0.002394801,0.08527234,0.036891837,0.039530735,-0.00019643782,-0.013982125,0.03647493,0.05854489,0.06361779,0.017477233,0.022496145,0.026038574,0.01222473,0.0613676,0.11199568,0.043505456
IMG_014,0.05029239,-0.031654876,0.023180386,0.09539791,0.006823414,0.0732067,0.005177425,0.049232967,-0.0021078773,0.027415156,0.0642387,0.046197966,-0.03486024,0.09897649,-0.03959426,0.00016655121,0.06271748,-0.010146047,-0.006092767,0.0022684745,0.05666616,-0.0067848796,0.0011332072,0.009702511,0.017779484,0.0076862723,0.01045162,0.0061035855,-0.0059324084,-0.026212843
IMG_015,0.014655738,0.020119354,0.0012086341,0.04743717,0.010901343,0.017917171,0.04351859,0.061467413,0.008991134,0.04937485,-0.027347319,0.050049953,0.03501165,0.014083589,0.09554526,0.021128759,0.06890415,-0.0050270823,0.030901434,0.0061398847,0.047378376,0.032344922,0.06165402,0.006289473,0.04190015,0.030130401,0.02455212,0.029694665,-0.010269375,0.011694429
IMG_016,0.023165511,0.053955797,0.09740266,0.05858454,0.024003511,0.12193781,0.029770061,0.06655583,0.046681218,0.015224646,0.004647767,0.07686216,0.095861696,0.04668561,0.020127963,0.098531246,0.08281008,0.044624448,0.00275762,0.01970208,0.062221628,0.04207416,-0.0020153634,0.02268851,0.055540353,0.035594046,0.032007933,0.015821783,0.13617927,0.04573583
IMG_017,0.05454437,-0.013501108,0.023356799,0.091777384,0.015654515,0.06301377,0.024359401,0.06543708,0.012691947,0.07643741,0.042579103,0.07156699,0.027633501,0.07737783,-0.0028483123,0.022864604,0.12698461,-0.005265983,-0.00077267364,0.013998736,0.07995902,0.027691958,0.010361427,0.03859826,0.0130236875,0.03528542,0.024862021,0.019635696,-0.0039667897,0.019943945
IMG_018,0.014785385,0.06479249,0.07678469,0.060431354,0.08812904,0.048400722,0.03933873,0.039687924,0.083735466,0.038177118,0.0071116937,0.11574866,0.02369069,0.022235882,0.0071750395,0.039184593,0.06507881,0.09044662,0.024875393,0.03925299,0.037216283,0.082507566,0.011958593,0.040068094,0.069901384,0.06258193,0.054923497,-0.002590023,0.035957783,0.06397943
IMG_019,0.055364233,0.01248845,0.008613054,0.07377845,0.059031334,0.0957523,0.0701879,0.09554255,0.02709245,0.02935002,0.042547148,0.067357406,0.03400162,0.053506084,0.068204746,0.042085238,0.0632315,0.00796486,0.11639899,0.017466903,0.08590022,0.05695927,0.06902015,0.05458026,0.05465088,0.035341978,0.05730314,0.08726053,-0.0026910244,0.024208881
IMG_020,-0.003299628,-0.006623584,0.046549182,0.05282523,-0.0014535151,0.018042404,0.054438144,0.011945026,0.0038585328,0.0009326022,0.040855877,0.05911892,-0.01839982,0.017327614,-0.0146802645,-0.02313571,0.029480958,-0.014477607,0.018585708,0.16392528,0.0019140355,0.010878209,-0.0051472615,0.027508356,0.00081503484,0.015390316,0.0083080605,-0.015290901,-0.009703597,-0.04377074
IMG_021,0.00041029137,-0.022755839,0.00205376,0.07456698,-0.020154905,0.079041496,0.06653514,0.15157661,-0.00078271236,0.04513771,-0.025118168,0.06244726,-0.01258505,0.040992707,0.022828313,0.01796086,0.082523696,-0.019928426,0.028110394,0.013878753,0.1521982,-0.002120573,0.009306271,0.052831855,0.015699482,0.0010652784,0.020341592,0.017958883,0.015552193,-0.012613268
IMG_022,0.010374274,0.029361662,0.037483815,0.0612735,0.058091715,0.06247704,-0.0059288098,0.051732726,0.07034588,0.038215265,-0.010725215,0.09765081,0.059371684,0.0041801985,0.05025418,0.037924435,0.0731561,0.071048155,0.0036107283,0.012585912,0.049977496,0.109110996,0.04668774,0.010155089,0.039389923,0.030665379,0.03661841,0.06263222,0.03632015,0.09702994
IMG_023,0.05266451,0.001149429,-0.0015339181,0.0690332,0.045044377,0.08126679,0.053105775,0.08385078,0.021412982,0.041269355,0.009491472,0.056140214,0.02387747,0.039459422,0.042951934,0.01184674,0.07264634,-0.014688354,0.04654751,0.0030898554,0.052438695,0.0387514,0.12820311,0.03400418,0.05869317,0.023305092,0.03981448,0.118416004,-0.007336001,0.021460552
IMG_024,0.0092312265,-0.011020522,0.02044338,0.059620544,0.0029034428,0.03620083,0.052713733,0.01463199,0.019800657,-0.012070468,0.04602441,0.060924076,-0.031240484,0.030378522,-0.006266143,-0.012008572,0.03589766,-0.0140195675,0.021602238,0.06978385,0.011079023,0.029330302,-0.017063491,0.030304134,0.022821153,0.026063934,0.108982064,0.0164021,-0.021850228,-0.029308937
IMG_025,0.001434546,0.06443839,0.07586605,0.078004315,0.05910247,0.040353686,0.05685431,0.054094166,0.047693,0.03688311,0.050188266,0.08028523,0.019530153,0.047675,0.0123345535,0.017000258,0.051768098,0.03310428,0.043447196,0.06404126,0.03253522,0.05352088,0.01476957,0.03521345,0.08534855,0.05044035,0.10353424,0.004375615,0.03220062,0.018636469
IMG_026,0.024941072,0.05056597,0.07562374,0.07622562,0.06721175,0.07144834,0.061762545,0.042702254,0.042779114,0.058174778,0.0007786341,0.11739142,0.017375909,0.026359782,0.017268626,0.031342834,0.083404385,0.07572643,0.022224309,0.046937667,0.029049886,0.04922303,0.029761579,0.066095546,0.062488284,0.120010495,-0.0024420414,0.017985405,0.015740445,0.034005348
IMG_027,-0.0012420323,0.01721657,0.037373528,0.043805584,0.036962315,0.06118055,0.032764614,0.055448547,0.031193238,0.020367052,0.06695493,0.06340163,-0.005548438,0.030508157,0.041618742,0.030461114,0.03645666,-0.007430024,0.050010636,0.0008484025,0.045717787,0.020250376,0.019991545,0.022598792,0.03318616,0.0394227,0.1414773,0.062929064,-0.0052079936,-0.010613972
IMG_028,0.03900144,-0.002315675,-0.00056699663,0.06348352,0.043588743,0.08019803,0.045977943,0.08458799,0.018977296,0.044294268,-0.0059877336,0.048128814,0.025990464,0.03552418,0.027664615,0.011264121,0.08123085,-0.013437223,0.025610017,0.0030580023,0.06701378,0.037313677,0.11195408,0.034424827,0.05237512,0.01550057,0.03703526,0.10783905,-0.0022697896,0.026970431
IMG_029,0.019539313,0.03923121,0.10656391,0.072914325,0.01617116,0.1073659,0.022486735,0.05822984,0.052167796,0.01934061,-0.00826729,0.08267087,0.12161951,0.036979064,-0.001130553,0.0985919,0.051418416,0.04099334,0.008509791,0.006691508,0.061310686,0.04132734,0.026706424,0.028385699,0.031407714,0.02666127,0.027848717,0.034922056,0.16335937,0.021237228
IMG_030,0.03000265,0.04998332,0.043672457,0.04944009,0.07804043,0.06294826,0.005933706,0.03807973,0.053260643,0.034039535,-0.019236572,0.096717834,0.097787626,0.05819568,0.02606674,0.046451546,0.05047051,0.11025697,-0.0082806125,0.01061441,0.024513986,0.07532367,0.053123463,0.03324425,0.04155405,0.042651523,0.0039013298,0.040577523,0.01101831,0.088012055
