query_id,query_category,candidate_id,candidate_category,rank,score,correct
IMG_001,가방,IMG_006,가방,1,0.11046554148197174,False
IMG_001,가방,IMG_001,가방,2,0.10754501819610596,True
IMG_001,가방,IMG_021,쇼핑백,3,0.1012987568974495,False
IMG_001,가방,IMG_004,도서용품,4,0.08616854250431061,False
IMG_001,가방,IMG_008,쇼핑백,5,0.08279749751091003,False
IMG_001,가방,IMG_019,가방,6,0.0742131769657135,False
IMG_001,가방,IMG_023,기타물품,7,0.07211093604564667,False
IMG_001,가방,IMG_012,자동차,8,0.0660683885216713,False
IMG_001,가방,IMG_017,도서용품,9,0.06493173539638519,False
IMG_001,가방,IMG_028,가방,10,0.06346489489078522,False
IMG_001,가방,IMG_014,기타물품,11,0.052870623767375946,False
IMG_001,가방,IMG_010,기타물품,12,0.051083020865917206,False
IMG_001,가방,IMG_015,가방,13,0.04276531934738159,False
IMG_001,가방,IMG_024,의류,14,0.038372963666915894,False
IMG_001,가방,IMG_007,의류,15,0.038340017199516296,False
IMG_001,가방,IMG_025,자동차,16,0.036692917346954346,False
IMG_001,가방,IMG_005,휴대폰,17,0.034672997891902924,False
IMG_001,가방,IMG_011,의류,18,0.034502074122428894,False
IMG_001,가방,IMG_027,기타물품,19,0.03255806118249893,False
IMG_001,가방,IMG_013,전자기기,20,0.031683482229709625,False
IMG_001,가방,IMG_022,휴대폰,21,0.030092526227235794,False
IMG_001,가방,IMG_026,전자기기,22,0.01796056516468525,False
IMG_001,가방,IMG_030,휴대폰,23,0.009119538590312004,False
IMG_001,가방,IMG_009,휴대폰,24,0.006072718650102615,False
IMG_001,가방,IMG_016,전자기기,25,0.005011315923184156,False
IMG_001,가방,IMG_020,의류,26,-0.003440885804593563,False
IMG_001,가방,IMG_003,전자기기,27,-0.009200304746627808,False
IMG_001,가방,IMG_002,자동차,28,-0.010241901502013206,False
IMG_001,가방,IMG_018,휴대폰,29,-0.026255924254655838,False
IMG_001,가방,IMG_029,전자기기,30,-0.027806583791971207,False
IMG_002,자동차,IMG_012,자동차,1,0.11007849127054214,False
IMG_002,자동차,IMG_004,도서용품,2,0.09367837011814117,False
IMG_002,자동차,IMG_003,전자기기,3,0.08785664290189743,False
IMG_002,자동차,IMG_017,도서용품,4,0.08186868578195572,False
IMG_002,자동차,IMG_027,기타물품,5,0.08100670576095581,False
IMG_002,자동차,IMG_006,가방,6,0.07925742864608765,False
IMG_002,자동차,IMG_009,휴대폰,7,0.07285075634717941,False
IMG_002,자동차,IMG_002,자동차,8,0.07269152253866196,True
IMG_002,자동차,IMG_007,의류,9,0.07067294418811798,False
IMG_002,자동차,IMG_016,전자기기,10,0.06795932352542877,False
IMG_002,자동차,IMG_005,휴대폰,11,0.06790371984243393,False
IMG_002,자동차,IMG_026,전자기기,12,0.06684625148773193,False
IMG_002,자동차,IMG_008,쇼핑백,13,0.06518645584583282,False
IMG_002,자동차,IMG_029,전자기기,14,0.0633653923869133,False
IMG_002,자동차,IMG_022,휴대폰,15,0.059671834111213684,False
IMG_002,자동차,IMG_021,쇼핑백,16,0.059569329023361206,False
IMG_002,자동차,IMG_014,기타물품,17,0.058923110365867615,False
IMG_002,자동차,IMG_018,휴대폰,18,0.056755583733320236,False
IMG_002,자동차,IMG_025,자동차,19,0.055686261504888535,False
IMG_002,자동차,IMG_010,기타물품,20,0.0539630725979805,False
IMG_002,자동차,IMG_024,의류,21,0.05356463044881821,False
IMG_002,자동차,IMG_011,의류,22,0.04604899510741234,False
IMG_002,자동차,IMG_013,전자기기,23,0.04513545334339142,False
IMG_002,자동차,IMG_020,의류,24,0.04373516887426376,False
IMG_002,자동차,IMG_019,가방,25,0.0395820289850235,False
IMG_002,자동차,IMG_030,휴대폰,26,0.034096699208021164,False
IMG_002,자동차,IMG_023,기타물품,27,0.032928675413131714,False
IMG_002,자동차,IMG_001,가방,28,0.029172347858548164,False
IMG_002,자동차,IMG_015,가방,29,0.027840450406074524,False
IMG_002,자동차,IMG_028,가방,30,0.00791187770664692,False
IMG_003,전자기기,IMG_003,전자기기,1,0.1253640055656433,True
IMG_003,전자기기,IMG_029,전자기기,2,0.10524475574493408,False
IMG_003,전자기기,IMG_012,자동차,3,0.06816776096820831,False
IMG_003,전자기기,IMG_013,전자기기,4,0.06626661121845245,False
IMG_003,전자기기,IMG_006,가방,5,0.06112603098154068,False
IMG_003,전자기기,IMG_002,자동차,6,0.05076859891414642,False
IMG_003,전자기기,IMG_016,전자기기,7,0.04996386170387268,False
IMG_003,전자기기,IMG_025,자동차,8,0.04603751748800278,False
IMG_003,전자기기,IMG_014,기타물품,9,0.041015032678842545,False
IMG_003,전자기기,IMG_009,휴대폰,10,0.03996645286679268,False
IMG_003,전자기기,IMG_027,기타물품,11,0.03954087197780609,False
IMG_003,전자기기,IMG_026,전자기기,12,0.0389518216252327,False
IMG_003,전자기기,IMG_005,휴대폰,13,0.03800942003726959,False
IMG_003,전자기기,IMG_007,의류,14,0.03620995581150055,False
IMG_003,전자기기,IMG_017,도서용품,15,0.035455428063869476,False
IMG_003,전자기기,IMG_018,휴대폰,16,0.030992280691862106,False
IMG_003,전자기기,IMG_020,의류,17,0.030891384929418564,False
IMG_003,전자기기,IMG_004,도서용품,18,0.025868751108646393,False
IMG_003,전자기기,IMG_022,휴대폰,19,0.023672115057706833,False
IMG_003,전자기기,IMG_024,의류,20,0.016768090426921844,False
IMG_003,전자기기,IMG_011,의류,21,0.0159867312759161,False
IMG_003,전자기기,IMG_008,쇼핑백,22,0.008556145243346691,False
IMG_003,전자기기,IMG_021,쇼핑백,23,0.007571818307042122,False
IMG_003,전자기기,IMG_019,가방,24,0.0018650414422154427,False
IMG_003,전자기기,IMG_010,기타물품,25,5.170702934265137e-05,False
IMG_003,전자기기,IMG_030,휴대폰,26,-0.0018986836075782776,False
IMG_003,전자기기,IMG_001,가방,27,-0.0030426494777202606,False
IMG_003,전자기기,IMG_028,가방,28,-0.009139008820056915,False
IMG_003,전자기기,IMG_023,기타물품,29,-0.00958964228630066,False
IMG_003,전자기기,IMG_015,가방,30,-0.015277927741408348,False
IMG_004,도서용품,IMG_004,도서용품,1,0.1465645581483841,True
IMG_004,도서용품,IMG_008,쇼핑백,2,0.11898872256278992,False
IMG_004,도서용품,IMG_017,도서용품,3,0.10922127217054367,False
IMG_004,도서용품,IMG_021,쇼핑백,4,0.10535497218370438,False
IMG_004,도서용품,IMG_012,자동차,5,0.09927099943161011,False
IMG_004,도서용품,IMG_010,기타물품,6,0.09542430937290192,False
IMG_004,도서용품,IMG_006,가방,7,0.07158540189266205,False
IMG_004,도서용품,IMG_026,전자기기,8,0.053107261657714844,False
IMG_004,도서용품,IMG_003,전자기기,9,0.04907821863889694,False
IMG_004,도서용품,IMG_016,전자기기,10,0.03987175598740578,False
IMG_004,도서용품,IMG_024,의류,11,0.037708431482315063,False
IMG_004,도서용품,IMG_025,자동차,12,0.037522535771131516,False
IMG_004,도서용품,IMG_009,휴대폰,13,0.03374700993299484,False
IMG_004,도서용품,IMG_022,휴대폰,14,0.03178183734416962,False
IMG_004,도서용품,IMG_014,기타물품,15,0.030954129993915558,False
IMG_004,도서용품,IMG_027,기타물품,16,0.030284730717539787,False
IMG_004,도서용품,IMG_029,전자기기,17,0.029854048043489456,False
IMG_004,도서용품,IMG_007,의류,18,0.027527600526809692,False
IMG_004,도서용품,IMG_005,휴대폰,19,0.027349263429641724,False
IMG_004,도서용품,IMG_011,의류,20,0.02074733003973961,False
IMG_004,도서용품,IMG_020,의류,21,0.017331603914499283,False
IMG_004,도서용품,IMG_015,가방,22,0.017080659046769142,False
IMG_004,도서용품,IMG_002,자동차,23,0.016182390972971916,False
IMG_004,도서용품,IMG_018,휴대폰,24,0.015574679709970951,False
IMG_004,도서용품,IMG_030,휴대폰,25,0.015157358720898628,False
IMG_004,도서용품,IMG_023,기타물품,26,0.014453427866101265,False
IMG_004,도서용품,IMG_013,전자기기,27,0.008730681613087654,False
IMG_004,도서용품,IMG_028,가방,28,0.006827755831182003,False
IMG_004,도서용품,IMG_001,가방,29,0.0021189283579587936,False
IMG_004,도서용품,IMG_019,가방,30,-0.003646835684776306,False
IMG_005,휴대폰,IMG_012,자동차,1,0.12430281192064285,False
IMG_005,휴대폰,IMG_018,휴대폰,2,0.11482544243335724,False
IMG_005,휴대폰,IMG_005,휴대폰,3,0.11461635679006577,True
IMG_005,휴대폰,IMG_009,휴대폰,4,0.08781367540359497,False
IMG_005,휴대폰,IMG_003,전자기기,5,0.08520862460136414,False
IMG_005,휴대폰,IMG_025,자동차,6,0.08253149688243866,False
IMG_005,휴대폰,IMG_026,전자기기,7,0.0811387449502945,False
IMG_005,휴대폰,IMG_002,자동차,8,0.08100276440382004,False
IMG_005,휴대폰,IMG_022,휴대폰,9,0.08064098656177521,False
IMG_005,휴대폰,IMG_017,도서용품,10,0.07206475734710693,False
IMG_005,휴대폰,IMG_006,가방,11,0.0690474733710289,False
IMG_005,휴대폰,IMG_030,휴대폰,12,0.06841468811035156,False
IMG_005,휴대폰,IMG_004,도서용품,13,0.06733183562755585,False
IMG_005,휴대폰,IMG_020,의류,14,0.06285630166530609,False
IMG_005,휴대폰,IMG_024,의류,15,0.05928516015410423,False
IMG_005,휴대폰,IMG_007,의류,16,0.05467464402318001,False
IMG_005,휴대폰,IMG_027,기타물품,17,0.0510534904897213,False
IMG_005,휴대폰,IMG_016,전자기기,18,0.04931221529841423,False
IMG_005,휴대폰,IMG_008,쇼핑백,19,0.04729713872075081,False
IMG_005,휴대폰,IMG_010,기타물품,20,0.040068767964839935,False
IMG_005,휴대폰,IMG_029,전자기기,21,0.03713146224617958,False
IMG_005,휴대폰,IMG_014,기타물품,22,0.03390302136540413,False
IMG_005,휴대폰,IMG_021,쇼핑백,23,0.032107874751091,False
IMG_005,휴대폰,IMG_013,전자기기,24,0.03150090575218201,False
IMG_005,휴대폰,IMG_001,가방,25,0.02983076125383377,False
IMG_005,휴대폰,IMG_019,가방,26,0.02922925166785717,False
IMG_005,휴대폰,IMG_015,가방,27,0.020924849435687065,False
IMG_005,휴대폰,IMG_023,기타물품,28,0.017898909747600555,False
IMG_005,휴대폰,IMG_011,의류,29,0.008788613602519035,False
IMG_005,휴대폰,IMG_028,가방,30,0.005905607715249062,False
IMG_006,가방,IMG_006,가방,1,0.12469038367271423,True
IMG_006,가방,IMG_028,가방,2,0.1142711266875267,False
IMG_006,가방,IMG_025,자동차,3,0.1040176972746849,False
IMG_006,가방,IMG_023,기타물품,4,0.08596617728471756,False
IMG_006,가방,IMG_008,쇼핑백,5,0.08355957269668579,False
IMG_006,가방,IMG_021,쇼핑백,6,0.07814793288707733,False
IMG_006,가방,IMG_012,자동차,7,0.07786104083061218,False
IMG_006,가방,IMG_017,도서용품,8,0.07518012821674347,False
IMG_006,가방,IMG_004,도서용품,9,0.07280145585536957,False
IMG_006,가방,IMG_005,휴대폰,10,0.07067912817001343,False
IMG_006,가방,IMG_009,휴대폰,11,0.05648209527134895,False
IMG_006,가방,IMG_022,휴대폰,12,0.05611007288098335,False
IMG_006,가방,IMG_027,기타물품,13,0.05118018761277199,False
IMG_006,가방,IMG_013,전자기기,14,0.04935634508728981,False
IMG_006,가방,IMG_010,기타물품,15,0.04830457270145416,False
IMG_006,가방,IMG_001,가방,16,0.04819265007972717,False
IMG_006,가방,IMG_019,가방,17,0.04691282659769058,False
IMG_006,가방,IMG_026,전자기기,18,0.04341251775622368,False
IMG_006,가방,IMG_016,전자기기,19,0.040943145751953125,False
IMG_006,가방,IMG_015,가방,20,0.03834811598062515,False
IMG_006,가방,IMG_014,기타물품,21,0.037885136902332306,False
IMG_006,가방,IMG_030,휴대폰,22,0.0374910868704319,False
IMG_006,가방,IMG_024,의류,23,0.03639101982116699,False
IMG_006,가방,IMG_002,자동차,24,0.03299180418252945,False
IMG_006,가방,IMG_007,의류,25,0.031720053404569626,False
IMG_006,가방,IMG_020,의류,26,0.030029164627194405,False
IMG_006,가방,IMG_003,전자기기,27,0.02973448671400547,False
IMG_006,가방,IMG_011,의류,28,0.02501046285033226,False
IMG_006,가방,IMG_029,전자기기,29,0.02336922474205494,False
IMG_006,가방,IMG_018,휴대폰,30,0.007501354441046715,False
IMG_007,의류,IMG_020,의류,1,0.05788933485746384,False
IMG_007,의류,IMG_004,도서용품,2,0.0567784458398819,False
IMG_007,의류,IMG_012,자동차,3,0.0543825700879097,False
IMG_007,의류,IMG_017,도서용품,4,0.0493655800819397,False
IMG_007,의류,IMG_007,의류,5,0.04592625051736832,True
IMG_007,의류,IMG_003,전자기기,6,0.037361450493335724,False
IMG_007,의류,IMG_006,가방,7,0.035089004784822464,False
IMG_007,의류,IMG_026,전자기기,8,0.031309813261032104,False
IMG_007,의류,IMG_027,기타물품,9,0.026319468393921852,False
IMG_007,의류,IMG_011,의류,10,0.026096267625689507,False
IMG_007,의류,IMG_014,기타물품,11,0.02215881273150444,False
IMG_007,의류,IMG_019,가방,12,0.021301385015249252,False
IMG_007,의류,IMG_025,자동차,13,0.01942242868244648,False
IMG_007,의류,IMG_008,쇼핑백,14,0.01893918402493,False
IMG_007,의류,IMG_005,휴대폰,15,0.010516943410038948,False
IMG_007,의류,IMG_024,의류,16,0.009890482760965824,False
IMG_007,의류,IMG_021,쇼핑백,17,0.006168850697577,False
IMG_007,의류,IMG_022,휴대폰,18,0.004165018908679485,False
IMG_007,의류,IMG_009,휴대폰,19,0.003164296969771385,False
IMG_007,의류,IMG_023,기타물품,20,-0.004760684445500374,False
IMG_007,의류,IMG_002,자동차,21,-0.00687872339040041,False
IMG_007,의류,IMG_010,기타물품,22,-0.007403187453746796,False
IMG_007,의류,IMG_016,전자기기,23,-0.010545793920755386,False
IMG_007,의류,IMG_018,휴대폰,24,-0.01722589135169983,False
IMG_007,의류,IMG_030,휴대폰,25,-0.020703189074993134,False
IMG_007,의류,IMG_028,가방,26,-0.02102253958582878,False
IMG_007,의류,IMG_029,전자기기,27,-0.021027401089668274,False
IMG_007,의류,IMG_015,가방,28,-0.025654736906290054,False
IMG_007,의류,IMG_013,전자기기,29,-0.0315869078040123,False
IMG_007,의류,IMG_001,가방,30,-0.043441735208034515,False
IMG_008,쇼핑백,IMG_008,쇼핑백,1,0.16112539172172546,True
IMG_008,쇼핑백,IMG_021,쇼핑백,2,0.14253070950508118,False
IMG_008,쇼핑백,IMG_017,도서용품,3,0.09068919718265533,False
IMG_008,쇼핑백,IMG_004,도서용품,4,0.0869491770863533,False
IMG_008,쇼핑백,IMG_012,자동차,5,0.08074851334095001,False
IMG_008,쇼핑백,IMG_006,가방,6,0.0571104921400547,False
IMG_008,쇼핑백,IMG_010,기타물품,7,0.03906723111867905,False
IMG_008,쇼핑백,IMG_024,의류,8,0.034252431243658066,False
IMG_008,쇼핑백,IMG_014,기타물품,9,0.032528020441532135,False
IMG_008,쇼핑백,IMG_007,의류,10,0.03241392597556114,False
IMG_008,쇼핑백,IMG_027,기타물품,11,0.01941082812845707,False
IMG_008,쇼핑백,IMG_015,가방,12,0.009252127259969711,False
IMG_008,쇼핑백,IMG_019,가방,13,0.007906396873295307,False
IMG_008,쇼핑백,IMG_016,전자기기,14,0.0033547449856996536,False
IMG_008,쇼핑백,IMG_009,휴대폰,15,-0.0016760923899710178,False
IMG_008,쇼핑백,IMG_003,전자기기,16,-0.0018086489289999008,False
IMG_008,쇼핑백,IMG_026,전자기기,17,-0.0026224497705698013,False
IMG_008,쇼핑백,IMG_025,자동차,18,-0.002976085990667343,False
IMG_008,쇼핑백,IMG_020,의류,19,-0.0037013590335845947,False
IMG_008,쇼핑백,IMG_029,전자기기,20,-0.007366804406046867,False
IMG_008,쇼핑백,IMG_023,기타물품,21,-0.008256825618445873,False
IMG_008,쇼핑백,IMG_028,가방,22,-0.01300189271569252,False
IMG_008,쇼핑백,IMG_002,자동차,23,-0.01636526733636856,False
IMG_008,쇼핑백,IMG_001,가방,24,-0.02042054757475853,False
IMG_008,쇼핑백,IMG_013,전자기기,25,-0.023035438731312752,False
IMG_008,쇼핑백,IMG_022,휴대폰,26,-0.029193805530667305,False
IMG_008,쇼핑백,IMG_005,휴대폰,27,-0.032737214118242264,False
IMG_008,쇼핑백,IMG_018,휴대폰,28,-0.033032871782779694,False
IMG_008,쇼핑백,IMG_011,의류,29,-0.04051833599805832,False
IMG_008,쇼핑백,IMG_030,휴대폰,30,-0.04785407334566116,False
IMG_009,휴대폰,IMG_012,자동차,1,0.12287133932113647,False
IMG_009,휴대폰,IMG_009,휴대폰,2,0.10248573124408722,True
IMG_009,휴대폰,IMG_022,휴대폰,3,0.09626959264278412,False
IMG_009,휴대폰,IMG_018,휴대폰,4,0.08915936201810837,False
IMG_009,휴대폰,IMG_003,전자기기,5,0.0872267484664917,False
IMG_009,휴대폰,IMG_005,휴대폰,6,0.08215297758579254,False
IMG_009,휴대폰,IMG_004,도서용품,7,0.06754164397716522,False
IMG_009,휴대폰,IMG_026,전자기기,8,0.06751962006092072,False
IMG_009,휴대폰,IMG_030,휴대폰,9,0.06409981846809387,False
IMG_009,휴대폰,IMG_027,기타물품,10,0.06114274263381958,False
IMG_009,휴대폰,IMG_025,자동차,11,0.060351982712745667,False
IMG_009,휴대폰,IMG_017,도서용품,12,0.05990425869822502,False
IMG_009,휴대폰,IMG_006,가방,13,0.05820295214653015,False
IMG_009,휴대폰,IMG_029,전자기기,14,0.05551514774560928,False
IMG_009,휴대폰,IMG_002,자동차,15,0.05324798449873924,False
IMG_009,휴대폰,IMG_008,쇼핑백,16,0.048179492354393005,False
IMG_009,휴대폰,IMG_024,의류,17,0.0480632558465004,False
IMG_009,휴대폰,IMG_016,전자기기,18,0.04725060984492302,False
IMG_009,휴대폰,IMG_007,의류,19,0.045107267796993256,False
IMG_009,휴대폰,IMG_021,쇼핑백,20,0.043356481939554214,False
IMG_009,휴대폰,IMG_010,기타물품,21,0.04261641576886177,False
IMG_009,휴대폰,IMG_013,전자기기,22,0.03965839743614197,False
IMG_009,휴대폰,IMG_020,의류,23,0.03713351488113403,False
IMG_009,휴대폰,IMG_014,기타물품,24,0.032256681472063065,False
IMG_009,휴대폰,IMG_023,기타물품,25,0.022729462012648582,False
IMG_009,휴대폰,IMG_019,가방,26,0.021462343633174896,False
IMG_009,휴대폰,IMG_011,의류,27,0.016912948340177536,False
IMG_009,휴대폰,IMG_001,가방,28,0.015861257910728455,False
IMG_009,휴대폰,IMG_028,가방,29,0.0026667946949601173,False
IMG_009,휴대폰,IMG_015,가방,30,0.0006030350923538208,False
IMG_010,기타물품,IMG_010,기타물품,1,0.12883645296096802,True
IMG_010,기타물품,IMG_004,도서용품,2,0.0698821097612381,False
IMG_010,기타물품,IMG_006,가방,3,0.06105002760887146,False
IMG_010,기타물품,IMG_008,쇼핑백,4,0.05701898783445358,False
IMG_010,기타물품,IMG_012,자동차,5,0.05575845018029213,False
IMG_010,기타물품,IMG_021,쇼핑백,6,0.047129277139902115,False
IMG_010,기타물품,IMG_017,도서용품,7,0.046779945492744446,False
IMG_010,기타물품,IMG_026,전자기기,8,0.04435409605503082,False
IMG_010,기타물품,IMG_028,가방,9,0.04176980257034302,False
IMG_010,기타물품,IMG_025,자동차,10,0.03442252054810524,False
IMG_010,기타물품,IMG_011,의류,11,0.03413894772529602,False
IMG_010,기타물품,IMG_013,전자기기,12,0.03191722184419632,False
IMG_010,기타물품,IMG_014,기타물품,13,0.030929889529943466,False
IMG_010,기타물품,IMG_022,휴대폰,14,0.029212307184934616,False
IMG_010,기타물품,IMG_015,가방,15,0.025345448404550552,False
IMG_010,기타물품,IMG_019,가방,16,0.025258593261241913,False
IMG_010,기타물품,IMG_029,전자기기,17,0.025076979771256447,False
IMG_010,기타물품,IMG_005,휴대폰,18,0.024292955175042152,False
IMG_010,기타물품,IMG_027,기타물품,19,0.023213038221001625,False
IMG_010,기타물품,IMG_009,휴대폰,20,0.02184394933283329,False
IMG_010,기타물품,IMG_020,의류,21,0.0196499265730381,False
IMG_010,기타물품,IMG_003,전자기기,22,0.017344191670417786,False
IMG_010,기타물품,IMG_030,휴대폰,23,0.016466179862618446,False
IMG_010,기타물품,IMG_002,자동차,24,0.015158693306148052,False
IMG_010,기타물품,IMG_023,기타물품,25,0.014048567973077297,False
IMG_010,기타물품,IMG_001,가방,26,0.012724409811198711,False
IMG_010,기타물품,IMG_016,전자기기,27,0.012019255198538303,False
IMG_010,기타물품,IMG_024,의류,28,0.011138537898659706,False
IMG_010,기타물품,IMG_007,의류,29,0.006282299291342497,False
IMG_010,기타물품,IMG_018,휴대폰,30,-0.007274072617292404,False
IMG_011,의류,IMG_011,의류,1,0.11032614856958389,True
IMG_011,의류,IMG_003,전자기기,2,0.08149795979261398,False
IMG_011,의류,IMG_004,도서용품,3,0.07045957446098328,False
IMG_011,의류,IMG_027,기타물품,4,0.0656653568148613,False
IMG_011,의류,IMG_012,자동차,5,0.0635000467300415,False
IMG_011,의류,IMG_014,기타물품,6,0.0625285804271698,False
IMG_011,의류,IMG_017,도서용품,7,0.058287572115659714,False
IMG_011,의류,IMG_007,의류,8,0.057670727372169495,False
IMG_011,의류,IMG_006,가방,9,0.05159372091293335,False
IMG_011,의류,IMG_021,쇼핑백,10,0.04276459291577339,False
IMG_011,의류,IMG_026,전자기기,11,0.0403280071914196,False
IMG_011,의류,IMG_020,의류,12,0.03773043304681778,False
IMG_011,의류,IMG_008,쇼핑백,13,0.03685440123081207,False
IMG_011,의류,IMG_022,휴대폰,14,0.03426060080528259,False
IMG_011,의류,IMG_024,의류,15,0.033123426139354706,False
IMG_011,의류,IMG_025,자동차,16,0.027739491313695908,False
IMG_011,의류,IMG_010,기타물품,17,0.026126772165298462,False
IMG_011,의류,IMG_019,가방,18,0.015456510707736015,False
IMG_011,의류,IMG_005,휴대폰,19,0.011405790224671364,False
IMG_011,의류,IMG_009,휴대폰,20,0.010128462687134743,False
IMG_011,의류,IMG_028,가방,21,0.00025245919823646545,False
IMG_011,의류,IMG_029,전자기기,22,-0.0005277013406157494,False
IMG_011,의류,IMG_016,전자기기,23,-0.0006693564355373383,False
IMG_011,의류,IMG_002,자동차,24,-0.0015515745617449284,False
IMG_011,의류,IMG_001,가방,25,-0.007541343569755554,False
IMG_011,의류,IMG_015,가방,26,-0.00778740830719471,False
IMG_011,의류,IMG_023,기타물품,27,-0.008068278431892395,False
IMG_011,의류,IMG_013,전자기기,28,-0.015528813004493713,False
IMG_011,의류,IMG_018,휴대폰,29,-0.019168660044670105,False
IMG_011,의류,IMG_030,휴대폰,30,-0.03834842890501022,False
IMG_012,자동차,IMG_002,자동차,1,0.09797424077987671,False
IMG_012,자동차,IMG_012,자동차,2,0.05170445889234543,True
IMG_012,자동차,IMG_025,자동차,3,0.05000323802232742,False
IMG_012,자동차,IMG_017,도서용품,4,0.0470968559384346,False
IMG_012,자동차,IMG_007,의류,5,0.03736467286944389,False
IMG_012,자동차,IMG_003,전자기기,6,0.035332970321178436,False
IMG_012,자동차,IMG_016,전자기기,7,0.03289832919836044,False
IMG_012,자동차,IMG_004,도서용품,8,0.03166099265217781,False
IMG_012,자동차,IMG_013,전자기기,9,0.028972534462809563,False
IMG_012,자동차,IMG_014,기타물품,10,0.024849630892276764,False
IMG_012,자동차,IMG_023,기타물품,11,0.019946713000535965,False
IMG_012,자동차,IMG_006,가방,12,0.018729422241449356,False
IMG_012,자동차,IMG_024,의류,13,0.017543362453579903,False
IMG_012,자동차,IMG_029,전자기기,14,0.008888323791325092,False
IMG_012,자동차,IMG_027,기타물품,15,0.008647439070045948,False
IMG_012,자동차,IMG_010,기타물품,16,0.008202285505831242,False
IMG_012,자동차,IMG_008,쇼핑백,17,0.007686627097427845,False
IMG_012,자동차,IMG_019,가방,18,0.006201580166816711,False
IMG_012,자동차,IMG_026,전자기기,19,0.0034854840487241745,False
IMG_012,자동차,IMG_021,쇼핑백,20,0.002973556984215975,False
IMG_012,자동차,IMG_005,휴대폰,21,0.0027928510680794716,False
IMG_012,자동차,IMG_009,휴대폰,22,0.0024221534840762615,False
IMG_012,자동차,IMG_015,가방,23,-0.010403802618384361,False
IMG_012,자동차,IMG_022,휴대폰,24,-0.01260503102093935,False
IMG_012,자동차,IMG_020,의류,25,-0.01302141323685646,False
IMG_012,자동차,IMG_028,가방,26,-0.015461649745702744,False
IMG_012,자동차,IMG_030,휴대폰,27,-0.023792767897248268,False
IMG_012,자동차,IMG_018,휴대폰,28,-0.024089671671390533,False
IMG_012,자동차,IMG_001,가방,29,-0.029207482933998108,False
IMG_012,자동차,IMG_011,의류,30,-0.038004931062459946,False
IMG_013,전자기기,IMG_013,전자기기,1,0.1790321320295334,True
IMG_013,전자기기,IMG_029,전자기기,2,0.11199568212032318,False
IMG_013,전자기기,IMG_006,가방,3,0.09351901710033417,False
IMG_013,전자기기,IMG_016,전자기기,4,0.08527234196662903,False
IMG_013,전자기기,IMG_014,기타물품,5,0.06885909289121628,False
IMG_013,전자기기,IMG_023,기타물품,6,0.06361778825521469,False
IMG_013,전자기기,IMG_012,자동차,7,0.06334470957517624,False
IMG_013,전자기기,IMG_003,전자기기,8,0.06138081103563309,False
IMG_013,전자기기,IMG_028,가방,9,0.06136760115623474,False
IMG_013,전자기기,IMG_022,휴대폰,10,0.058544889092445374,False
IMG_013,전자기기,IMG_008,쇼핑백,11,0.0556812509894371,False
IMG_013,전자기기,IMG_009,휴대폰,12,0.047227904200553894,False
IMG_013,전자기기,IMG_030,휴대폰,13,0.043505456298589706,False
IMG_013,전자기기,IMG_004,도서용품,14,0.04133335500955582,False
IMG_013,전자기기,IMG_018,휴대폰,15,0.039530735462903976,False
IMG_013,전자기기,IMG_017,도서용품,16,0.036891836673021317,False
IMG_013,전자기기,IMG_021,쇼핑백,17,0.03647492825984955,False
IMG_013,전자기기,IMG_002,자동차,18,0.027976714074611664,False
IMG_013,전자기기,IMG_026,전자기기,19,0.026038574054837227,False
IMG_013,전자기기,IMG_001,가방,20,0.024709682911634445,False
IMG_013,전자기기,IMG_025,자동차,21,0.022496145218610764,False
IMG_013,전자기기,IMG_024,의류,22,0.017477232962846756,False
IMG_013,전자기기,IMG_027,기타물품,23,0.012224730104207993,False
IMG_013,전자기기,IMG_005,휴대폰,24,0.008463631384074688,False
IMG_013,전자기기,IMG_015,가방,25,0.0023948010057210922,False
IMG_013,전자기기,IMG_007,의류,26,0.00011073239147663116,False
IMG_013,전자기기,IMG_019,가방,27,-0.00019643781706690788,False
IMG_013,전자기기,IMG_010,기타물품,28,-0.0007935352623462677,False
IMG_013,전자기기,IMG_020,의류,29,-0.013982124626636505,False
IMG_013,전자기기,IMG_011,의류,30,-0.0249701589345932,False
IMG_014,기타물품,IMG_014,기타물품,1,0.0989764928817749,True
IMG_014,기타물품,IMG_004,도서용품,2,0.09539791196584702,False
IMG_014,기타물품,IMG_006,가방,3,0.07320670038461685,False
IMG_014,기타물품,IMG_011,의류,4,0.06423869729042053,False
IMG_014,기타물품,IMG_017,도서용품,5,0.0627174824476242,False
IMG_014,기타물품,IMG_021,쇼핑백,6,0.05666615813970566,False
IMG_014,기타물품,IMG_001,가방,7,0.05029239133000374,False
IMG_014,기타물품,IMG_008,쇼핑백,8,0.04923296719789505,False
IMG_014,기타물품,IMG_012,자동차,9,0.04619796574115753,False
IMG_014,기타물품,IMG_010,기타물품,10,0.027415156364440918,False
IMG_014,기타물품,IMG_003,전자기기,11,0.023180386051535606,False
IMG_014,기타물품,IMG_025,자동차,12,0.017779484391212463,False
IMG_014,기타물품,IMG_027,기타물품,13,0.010451620444655418,False
IMG_014,기타물품,IMG_024,의류,14,0.009702511131763458,False
IMG_014,기타물품,IMG_026,전자기기,15,0.0076862722635269165,False
IMG_014,기타물품,IMG_005,휴대폰,16,0.006823414005339146,False
IMG_014,기타물품,IMG_028,가방,17,0.006103585474193096,False
IMG_014,기타물품,IMG_007,의류,18,0.005177425220608711,False
IMG_014,기타물품,IMG_020,의류,19,0.0022684745490550995,False
IMG_014,기타물품,IMG_023,기타물품,20,0.001133207231760025,False
IMG_014,기타물품,IMG_016,전자기기,21,0.00016655120998620987,False
IMG_014,기타물품,IMG_009,휴대폰,22,-0.0021078772842884064,False
IMG_014,기타물품,IMG_029,전자기기,23,-0.005932408384978771,False
IMG_014,기타물품,IMG_019,가방,24,-0.006092767231166363,False
IMG_014,기타물품,IMG_022,휴대폰,25,-0.006784879602491856,False
IMG_014,기타물품,IMG_018,휴대폰,26,-0.010146046988666058,False
IMG_014,기타물품,IMG_030,휴대폰,27,-0.026212843134999275,False
IMG_014,기타물품,IMG_002,자동차,28,-0.031654875725507736,False
IMG_014,기타물품,IMG_013,전자기기,29,-0.034860238432884216,False
IMG_014,기타물품,IMG_015,가방,30,-0.03959425911307335,False
IMG_015,가방,IMG_015,가방,1,0.09554526209831238,True
IMG_015,가방,IMG_017,도서용품,2,0.06890414655208588,False
IMG_015,가방,IMG_023,기타물품,3,0.061654020100831985,False
IMG_015,가방,IMG_008,쇼핑백,4,0.06146741285920143,False
IMG_015,가방,IMG_012,자동차,5,0.050049953162670135,False
IMG_015,가방,IMG_010,기타물품,6,0.04937484860420227,False
IMG_015,가방,IMG_004,도서용품,7,0.047437168657779694,False
IMG_015,가방,IMG_021,쇼핑백,8,0.04737837612628937,False
IMG_015,가방,IMG_007,의류,9,0.04351859167218208,False
IMG_015,가방,IMG_025,자동차,10,0.0419001504778862,False
IMG_015,가방,IMG_013,전자기기,11,0.0350116491317749,False
IMG_015,가방,IMG_022,휴대폰,12,0.03234492242336273,False
IMG_015,가방,IMG_019,가방,13,0.030901433899998665,False
IMG_015,가방,IMG_026,전자기기,14,0.030130401253700256,False
IMG_015,가방,IMG_028,가방,15,0.02969466522336006,False
IMG_015,가방,IMG_027,기타물품,16,0.02455211989581585,False
IMG_015,가방,IMG_016,전자기기,17,0.021128758788108826,False
IMG_015,가방,IMG_002,자동차,18,0.020119354128837585,False
IMG_015,가방,IMG_006,가방,19,0.017917171120643616,False
IMG_015,가방,IMG_001,가방,20,0.01465573813766241,False
IMG_015,가방,IMG_014,기타물품,21,0.014083589427173138,False
IMG_015,가방,IMG_030,휴대폰,22,0.011694429442286491,False
IMG_015,가방,IMG_005,휴대폰,23,0.010901343077421188,False
IMG_015,가방,IMG_009,휴대폰,24,0.008991134352982044,False
IMG_015,가방,IMG_024,의류,25,0.006289472803473473,False
IMG_015,가방,IMG_020,의류,26,0.006139884702861309,False
IMG_015,가방,IMG_003,전자기기,27,0.001208634115755558,False
IMG_015,가방,IMG_018,휴대폰,28,-0.005027082283049822,False
IMG_015,가방,IMG_029,전자기기,29,-0.010269374586641788,False
IMG_015,가방,IMG_011,의류,30,-0.027347318828105927,False
IMG_016,전자기기,IMG_029,전자기기,1,0.13617926836013794,False
IMG_016,전자기기,IMG_006,가방,2,0.1219378113746643,False
IMG_016,전자기기,IMG_016,전자기기,3,0.09853124618530273,True
IMG_016,전자기기,IMG_003,전자기기,4,0.0974026620388031,False
IMG_016,전자기기,IMG_013,전자기기,5,0.09586169570684433,False
IMG_016,전자기기,IMG_017,도서용품,6,0.08281008154153824,False
IMG_016,전자기기,IMG_012,자동차,7,0.0768621563911438,False
IMG_016,전자기기,IMG_008,쇼핑백,8,0.06655582785606384,False
IMG_016,전자기기,IMG_021,쇼핑백,9,0.062221627682447433,False
IMG_016,전자기기,IMG_004,도서용품,10,0.0585845410823822,False
IMG_016,전자기기,IMG_025,자동차,11,0.05554035305976868,False
IMG_016,전자기기,IMG_002,자동차,12,0.0539557971060276,False
IMG_016,전자기기,IMG_014,기타물품,13,0.046685609966516495,False
IMG_016,전자기기,IMG_009,휴대폰,14,0.04668121784925461,False
IMG_016,전자기기,IMG_030,휴대폰,15,0.04573582857847214,False
IMG_016,전자기기,IMG_018,휴대폰,16,0.0446244478225708,False
IMG_016,전자기기,IMG_022,휴대폰,17,0.042074158787727356,False
IMG_016,전자기기,IMG_026,전자기기,18,0.035594046115875244,False
IMG_016,전자기기,IMG_027,기타물품,19,0.03200793266296387,False
IMG_016,전자기기,IMG_007,의류,20,0.029770061373710632,False
IMG_016,전자기기,IMG_005,휴대폰,21,0.024003511294722557,False
IMG_016,전자기기,IMG_001,가방,22,0.023165510967373848,False
IMG_016,전자기기,IMG_024,의류,23,0.02268850989639759,False
IMG_016,전자기기,IMG_015,가방,24,0.02012796327471733,False
IMG_016,전자기기,IMG_020,의류,25,0.019702080637216568,False
IMG_016,전자기기,IMG_028,가방,26,0.015821782872080803,False
IMG_016,전자기기,IMG_010,기타물품,27,0.015224645845592022,False
IMG_016,전자기기,IMG_011,의류,28,0.004647767171263695,False
IMG_016,전자기기,IMG_019,가방,29,0.0027576200664043427,False
IMG_016,전자기기,IMG_023,기타물품,30,-0.002015363425016403,False
IMG_017,도서용품,IMG_017,도서용품,1,0.1269846111536026,True
IMG_017,도서용품,IMG_004,도서용품,2,0.09177738428115845,False
IMG_017,도서용품,IMG_021,쇼핑백,3,0.07995902001857758,False
IMG_017,도서용품,IMG_014,기타물품,4,0.07737783342599869,False
IMG_017,도서용품,IMG_010,기타물품,5,0.07643741369247437,False
IMG_017,도서용품,IMG_012,자동차,6,0.07156699150800705,False
IMG_017,도서용품,IMG_008,쇼핑백,7,0.06543707847595215,False
IMG_017,도서용품,IMG_006,가방,8,0.06301376968622208,False
IMG_017,도서용품,IMG_001,가방,9,0.054544370621442795,False
IMG_017,도서용품,IMG_011,의류,10,0.042579103261232376,False
IMG_017,도서용품,IMG_024,의류,11,0.03859826177358627,False
IMG_017,도서용품,IMG_026,전자기기,12,0.03528542071580887,False
IMG_017,도서용품,IMG_022,휴대폰,13,0.027691958472132683,False
IMG_017,도서용품,IMG_013,전자기기,14,0.02763350121676922,False
IMG_017,도서용품,IMG_027,기타물품,15,0.024862021207809448,False
IMG_017,도서용품,IMG_007,의류,16,0.02435940131545067,False
IMG_017,도서용품,IMG_003,전자기기,17,0.02335679903626442,False
IMG_017,도서용품,IMG_016,전자기기,18,0.022864604368805885,False
IMG_017,도서용품,IMG_030,휴대폰,19,0.019943945109844208,False
IMG_017,도서용품,IMG_028,가방,20,0.019635695964097977,False
IMG_017,도서용품,IMG_005,휴대폰,21,0.015654515475034714,False
IMG_017,도서용품,IMG_020,의류,22,0.013998735696077347,False
IMG_017,도서용품,IMG_025,자동차,23,0.013023687526583672,False
IMG_017,도서용품,IMG_009,휴대폰,24,0.01269194670021534,False
IMG_017,도서용품,IMG_023,기타물품,25,0.010361427441239357,False
IMG_017,도서용품,IMG_019,가방,26,-0.000772673636674881,False
IMG_017,도서용품,IMG_015,가방,27,-0.002848312258720398,False
IMG_017,도서용품,IMG_029,전자기기,28,-0.0039667896926403046,False
IMG_017,도서용품,IMG_018,휴대폰,29,-0.005265982821583748,False
IMG_017,도서용품,IMG_002,자동차,30,-0.013501107692718506,False
IMG_018,휴대폰,IMG_012,자동차,1,0.11574865877628326,False
IMG_018,휴대폰,IMG_018,휴대폰,2,0.09044662117958069,True
IMG_018,휴대폰,IMG_005,휴대폰,3,0.08812904357910156,False
IMG_018,휴대폰,IMG_009,휴대폰,4,0.08373546600341797,False
IMG_018,휴대폰,IMG_022,휴대폰,5,0.08250756561756134,False
IMG_018,휴대폰,IMG_003,전자기기,6,0.07678469270467758,False
IMG_018,휴대폰,IMG_025,자동차,7,0.06990138441324234,False
IMG_018,휴대폰,IMG_017,도서용품,8,0.06507880985736847,False
IMG_018,휴대폰,IMG_002,자동차,9,0.06479249149560928,False
IMG_018,휴대폰,IMG_030,휴대폰,10,0.06397943198680878,False
IMG_018,휴대폰,IMG_026,전자기기,11,0.06258192658424377,False
IMG_018,휴대폰,IMG_004,도서용품,12,0.060431353747844696,False
IMG_018,휴대폰,IMG_027,기타물품,13,0.05492349714040756,False
IMG_018,휴대폰,IMG_006,가방,14,0.048400722444057465,False
IMG_018,휴대폰,IMG_024,의류,15,0.040068093687295914,False
IMG_018,휴대폰,IMG_008,쇼핑백,16,0.03968792408704758,False
IMG_018,휴대폰,IMG_007,의류,17,0.03933873027563095,False
IMG_018,휴대폰,IMG_020,의류,18,0.03925298899412155,False
IMG_018,휴대폰,IMG_016,전자기기,19,0.03918459266424179,False
IMG_018,휴대폰,IMG_010,기타물품,20,0.038177117705345154,False
IMG_018,휴대폰,IMG_021,쇼핑백,21,0.03721628338098526,False
IMG_018,휴대폰,IMG_029,전자기기,22,0.035957783460617065,False
IMG_018,휴대폰,IMG_019,가방,23,0.024875393137335777,False
IMG_018,휴대폰,IMG_013,전자기기,24,0.023690689355134964,False
IMG_018,휴대폰,IMG_014,기타물품,25,0.02223588153719902,False
IMG_018,휴대폰,IMG_001,가방,26,0.014785384759306908,False
IMG_018,휴대폰,IMG_023,기타물품,27,0.01195859257131815,False
IMG_018,휴대폰,IMG_015,가방,28,0.007175039499998093,False
IMG_018,휴대폰,IMG_011,의류,29,0.007111693732440472,False
IMG_018,휴대폰,IMG_028,가방,30,-0.0025900229811668396,False
IMG_019,가방,IMG_019,가방,1,0.11639899015426636,True
IMG_019,가방,IMG_006,가방,2,0.0957522988319397,False
IMG_019,가방,IMG_008,쇼핑백,3,0.0955425500869751,False
IMG_019,가방,IMG_028,가방,4,0.08726052939891815,False
IMG_019,가방,IMG_021,쇼핑백,5,0.085900217294693,False
IMG_019,가방,IMG_004,도서용품,6,0.07377845048904419,False
IMG_019,가방,IMG_007,의류,7,0.07018789649009705,False
IMG_019,가방,IMG_023,기타물품,8,0.06902015209197998,False
IMG_019,가방,IMG_015,가방,9,0.06820474565029144,False
IMG_019,가방,IMG_012,자동차,10,0.06735740602016449,False
IMG_019,가방,IMG_017,도서용품,11,0.06323149800300598,False
IMG_019,가방,IMG_005,휴대폰,12,0.05903133377432823,False
IMG_019,가방,IMG_027,기타물품,13,0.05730314180254936,False
IMG_019,가방,IMG_022,휴대폰,14,0.05695927143096924,False
IMG_019,가방,IMG_001,가방,15,0.05536423251032829,False
IMG_019,가방,IMG_025,자동차,16,0.05465088039636612,False
IMG_019,가방,IMG_024,의류,17,0.05458026006817818,False
IMG_019,가방,IMG_014,기타물품,18,0.05350608378648758,False
IMG_019,가방,IMG_011,의류,19,0.04254714772105217,False
IMG_019,가방,IMG_016,전자기기,20,0.04208523780107498,False
IMG_019,가방,IMG_026,전자기기,21,0.03534197807312012,False
IMG_019,가방,IMG_013,전자기기,22,0.03400161862373352,False
IMG_019,가방,IMG_010,기타물품,23,0.029350019991397858,False
IMG_019,가방,IMG_009,휴대폰,24,0.027092449367046356,False
IMG_019,가방,IMG_030,휴대폰,25,0.024208880960941315,False
IMG_019,가방,IMG_020,의류,26,0.01746690273284912,False
IMG_019,가방,IMG_002,자동차,27,0.012488449923694134,False
IMG_019,가방,IMG_003,전자기기,28,0.00861305370926857,False
IMG_019,가방,IMG_018,휴대폰,29,0.00796485971659422,False
IMG_019,가방,IMG_029,전자기기,30,-0.002691024448722601,False
IMG_020,의류,IMG_020,의류,1,0.16392527520656586,True
IMG_020,의류,IMG_012,자동차,2,0.05911891907453537,False
IMG_020,의류,IMG_007,의류,3,0.05443814396858215,False
IMG_020,의류,IMG_004,도서용품,4,0.05282523110508919,False
IMG_020,의류,IMG_003,전자기기,5,0.04654918238520622,False
IMG_020,의류,IMG_011,의류,6,0.040855877101421356,False
IMG_020,의류,IMG_017,도서용품,7,0.029480958357453346,False
IMG_020,의류,IMG_024,의류,8,0.027508355677127838,False
IMG_020,의류,IMG_019,가방,9,0.018585707992315292,False
IMG_020,의류,IMG_006,가방,10,0.01804240420460701,False
IMG_020,의류,IMG_014,기타물품,11,0.01732761412858963,False
IMG_020,의류,IMG_026,전자기기,12,0.015390316024422646,False
IMG_020,의류,IMG_008,쇼핑백,13,0.011945025995373726,False
IMG_020,의류,IMG_022,휴대폰,14,0.01087820902466774,False
IMG_020,의류,IMG_027,기타물품,15,0.008308060467243195,False
IMG_020,의류,IMG_009,휴대폰,16,0.0038585327565670013,False
IMG_020,의류,IMG_021,쇼핑백,17,0.0019140355288982391,False
IMG_020,의류,IMG_010,기타물품,18,0.0009326022118330002,False
IMG_020,의류,IMG_025,자동차,19,0.000815034843981266,False
IMG_020,의류,IMG_005,휴대폰,20,-0.0014535151422023773,False
IMG_020,의류,IMG_001,가방,21,-0.0032996279187500477,False
IMG_020,의류,IMG_023,기타물품,22,-0.005147261545062065,False
IMG_020,의류,IMG_002,자동차,23,-0.006623583845794201,False
IMG_020,의류,IMG_029,전자기기,24,-0.00970359705388546,False
IMG_020,의류,IMG_018,휴대폰,25,-0.014477606862783432,False
IMG_020,의류,IMG_015,가방,26,-0.01468026451766491,False
IMG_020,의류,IMG_028,가방,27,-0.015290901064872742,False
IMG_020,의류,IMG_013,전자기기,28,-0.01839981973171234,False
IMG_020,의류,IMG_016,전자기기,29,-0.023135710507631302,False
IMG_020,의류,IMG_030,휴대폰,30,-0.043770741671323776,False
IMG_021,쇼핑백,IMG_021,쇼핑백,1,0.1521981954574585,True
IMG_021,쇼핑백,IMG_008,쇼핑백,2,0.15157660841941833,False
IMG_021,쇼핑백,IMG_017,도서용품,3,0.08252369612455368,False
IMG_021,쇼핑백,IMG_006,가방,4,0.0790414959192276,False
IMG_021,쇼핑백,IMG_004,도서용품,5,0.07456698268651962,False
IMG_021,쇼핑백,IMG_007,의류,6,0.06653513759374619,False
IMG_021,쇼핑백,IMG_012,자동차,7,0.062447261065244675,False
IMG_021,쇼핑백,IMG_024,의류,8,0.05283185467123985,False
IMG_021,쇼핑백,IMG_010,기타물품,9,0.045137710869312286,False
IMG_021,쇼핑백,IMG_014,기타물품,10,0.04099270701408386,False
IMG_021,쇼핑백,IMG_019,가방,11,0.02811039425432682,False
IMG_021,쇼핑백,IMG_015,가방,12,0.02282831259071827,False
IMG_021,쇼핑백,IMG_027,기타물품,13,0.02034159190952778,False
IMG_021,쇼핑백,IMG_016,전자기기,14,0.017960859462618828,False
IMG_021,쇼핑백,IMG_028,가방,15,0.017958883196115494,False
IMG_021,쇼핑백,IMG_025,자동차,16,0.0156994815915823,False
IMG_021,쇼핑백,IMG_029,전자기기,17,0.01555219292640686,False
IMG_021,쇼핑백,IMG_020,의류,18,0.013878753408789635,False
IMG_021,쇼핑백,IMG_023,기타물품,19,0.009306270629167557,False
IMG_021,쇼핑백,IMG_003,전자기기,20,0.00205375999212265,False
IMG_021,쇼핑백,IMG_026,전자기기,21,0.0010652784258127213,False
IMG_021,쇼핑백,IMG_001,가방,22,0.0004102913662791252,False
IMG_021,쇼핑백,IMG_009,휴대폰,23,-0.0007827123627066612,False
IMG_021,쇼핑백,IMG_022,휴대폰,24,-0.0021205730736255646,False
IMG_021,쇼핑백,IMG_013,전자기기,25,-0.01258505042642355,False
IMG_021,쇼핑백,IMG_030,휴대폰,26,-0.01261326763778925,False
IMG_021,쇼핑백,IMG_018,휴대폰,27,-0.019928425550460815,False
IMG_021,쇼핑백,IMG_005,휴대폰,28,-0.020154904574155807,False
IMG_021,쇼핑백,IMG_002,자동차,29,-0.022755838930606842,False
IMG_021,쇼핑백,IMG_011,의류,30,-0.02511816844344139,False
IMG_022,휴대폰,IMG_022,휴대폰,1,0.1091109961271286,True
IMG_022,휴대폰,IMG_012,자동차,2,0.09765081107616425,False
IMG_022,휴대폰,IMG_030,휴대폰,3,0.09702993929386139,False
IMG_022,휴대폰,IMG_017,도서용품,4,0.07315610349178314,False
IMG_022,휴대폰,IMG_018,휴대폰,5,0.07104815542697906,False
IMG_022,휴대폰,IMG_009,휴대폰,6,0.07034587860107422,False
IMG_022,휴대폰,IMG_028,가방,7,0.06263221800327301,False
IMG_022,휴대폰,IMG_006,가방,8,0.06247704103589058,False
IMG_022,휴대폰,IMG_004,도서용품,9,0.06127350032329559,False
IMG_022,휴대폰,IMG_013,전자기기,10,0.05937168374657631,False
IMG_022,휴대폰,IMG_005,휴대폰,11,0.05809171497821808,False
IMG_022,휴대폰,IMG_008,쇼핑백,12,0.05173272639513016,False
IMG_022,휴대폰,IMG_015,가방,13,0.050254181027412415,False
IMG_022,휴대폰,IMG_021,쇼핑백,14,0.04997749626636505,False
IMG_022,휴대폰,IMG_023,기타물품,15,0.046687740832567215,False
IMG_022,휴대폰,IMG_025,자동차,16,0.039389923214912415,False
IMG_022,휴대폰,IMG_010,기타물품,17,0.038215264678001404,False
IMG_022,휴대폰,IMG_016,전자기기,18,0.03792443498969078,False
IMG_022,휴대폰,IMG_003,전자기기,19,0.0374838151037693,False
IMG_022,휴대폰,IMG_027,기타물품,20,0.03661841154098511,False
IMG_022,휴대폰,IMG_029,전자기기,21,0.03632014989852905,False
IMG_022,휴대폰,IMG_026,전자기기,22,0.030665379017591476,False
IMG_022,휴대폰,IMG_002,자동차,23,0.02936166152358055,False
IMG_022,휴대폰,IMG_020,의류,24,0.012585911899805069,False
IMG_022,휴대폰,IMG_001,가방,25,0.010374274104833603,False
IMG_022,휴대폰,IMG_024,의류,26,0.010155089199543,False
IMG_022,휴대폰,IMG_014,기타물품,27,0.004180198535323143,False
IMG_022,휴대폰,IMG_019,가방,28,0.003610728308558464,False
IMG_022,휴대폰,IMG_007,의류,29,-0.005928809754550457,False
IMG_022,휴대폰,IMG_011,의류,30,-0.010725215077400208,False
IMG_023,기타물품,IMG_023,기타물품,1,0.1282031089067459,True
IMG_023,기타물품,IMG_028,가방,2,0.11841600388288498,False
IMG_023,기타물품,IMG_008,쇼핑백,3,0.08385077863931656,False
IMG_023,기타물품,IMG_006,가방,4,0.08126679062843323,False
IMG_023,기타물품,IMG_017,도서용품,5,0.07264634221792221,False
IMG_023,기타물품,IMG_004,도서용품,6,0.0690331980586052,False
IMG_023,기타물품,IMG_025,자동차,7,0.05869317054748535,False
IMG_023,기타물품,IMG_012,자동차,8,0.05614021420478821,False
IMG_023,기타물품,IMG_007,의류,9,0.05310577526688576,False
IMG_023,기타물품,IMG_001,가방,10,0.052664510905742645,False
IMG_023,기타물품,IMG_021,쇼핑백,11,0.05243869498372078,False
IMG_023,기타물품,IMG_019,가방,12,0.04654750972986221,False
IMG_023,기타물품,IMG_005,휴대폰,13,0.04504437744617462,False
IMG_023,기타물품,IMG_015,가방,14,0.04295193403959274,False
IMG_023,기타물품,IMG_010,기타물품,15,0.04126935452222824,False
IMG_023,기타물품,IMG_027,기타물품,16,0.039814479649066925,False
IMG_023,기타물품,IMG_014,기타물품,17,0.03945942223072052,False
IMG_023,기타물품,IMG_022,휴대폰,18,0.038751401007175446,False
IMG_023,기타물품,IMG_024,의류,19,0.03400418162345886,False
IMG_023,기타물품,IMG_013,전자기기,20,0.023877469822764397,False
IMG_023,기타물품,IMG_026,전자기기,21,0.023305092006921768,False
IMG_023,기타물품,IMG_030,휴대폰,22,0.021460551768541336,False
IMG_023,기타물품,IMG_009,휴대폰,23,0.021412981674075127,False
IMG_023,기타물품,IMG_016,전자기기,24,0.011846739798784256,False
IMG_023,기타물품,IMG_011,의류,25,0.009491471573710442,False
IMG_023,기타물품,IMG_020,의류,26,0.0030898554250597954,False
IMG_023,기타물품,IMG_002,자동차,27,0.0011494290083646774,False
IMG_023,기타물품,IMG_003,전자기기,28,-0.0015339180827140808,False
IMG_023,기타물품,IMG_029,전자기기,29,-0.00733600091189146,False
IMG_023,기타물품,IMG_018,휴대폰,30,-0.01468835398554802,False
IMG_024,의류,IMG_027,기타물품,1,0.10898206382989883,False
IMG_024,의류,IMG_020,의류,2,0.06978385150432587,False
IMG_024,의류,IMG_012,자동차,3,0.06092407554388046,False
IMG_024,의류,IMG_004,도서용품,4,0.05962054431438446,False
IMG_024,의류,IMG_007,의류,5,0.05271373316645622,False
IMG_024,의류,IMG_011,의류,6,0.04602440819144249,False
IMG_024,의류,IMG_006,가방,7,0.03620082885026932,False
IMG_024,의류,IMG_017,도서용품,8,0.03589766100049019,False
IMG_024,의류,IMG_014,기타물품,9,0.030378522351384163,False
IMG_024,의류,IMG_024,의류,10,0.030304133892059326,True
IMG_024,의류,IMG_022,휴대폰,11,0.0293303020298481,False
IMG_024,의류,IMG_026,전자기기,12,0.026063933968544006,False
IMG_024,의류,IMG_025,자동차,13,0.022821152582764626,False
IMG_024,의류,IMG_019,가방,14,0.021602237597107887,False
IMG_024,의류,IMG_003,전자기기,15,0.020443379878997803,False
IMG_024,의류,IMG_009,휴대폰,16,0.019800657406449318,False
IMG_024,의류,IMG_028,가방,17,0.016402099281549454,False
IMG_024,의류,IMG_008,쇼핑백,18,0.01463199034333229,False
IMG_024,의류,IMG_021,쇼핑백,19,0.011079022660851479,False
IMG_024,의류,IMG_001,가방,20,0.00923122651875019,False
IMG_024,의류,IMG_005,휴대폰,21,0.002903442829847336,False
IMG_024,의류,IMG_015,가방,22,-0.006266143172979355,False
IMG_024,의류,IMG_002,자동차,23,-0.011020521633327007,False
IMG_024,의류,IMG_016,전자기기,24,-0.01200857199728489,False
IMG_024,의류,IMG_010,기타물품,25,-0.012070467695593834,False
IMG_024,의류,IMG_018,휴대폰,26,-0.014019567519426346,False
IMG_024,의류,IMG_023,기타물품,27,-0.01706349104642868,False
IMG_024,의류,IMG_029,전자기기,28,-0.021850228309631348,False
IMG_024,의류,IMG_030,휴대폰,29,-0.02930893748998642,False
IMG_024,의류,IMG_013,전자기기,30,-0.03124048374593258,False
IMG_025,자동차,IMG_027,기타물품,1,0.10353423655033112,False
IMG_025,자동차,IMG_025,자동차,2,0.08534854650497437,True
IMG_025,자동차,IMG_012,자동차,3,0.08028522878885269,False
IMG_025,자동차,IMG_004,도서용품,4,0.07800431549549103,False
IMG_025,자동차,IMG_003,전자기기,5,0.07586605101823807,False
IMG_025,자동차,IMG_002,자동차,6,0.06443838775157928,False
IMG_025,자동차,IMG_020,의류,7,0.06404125690460205,False
IMG_025,자동차,IMG_005,휴대폰,8,0.05910246819257736,False
IMG_025,자동차,IMG_007,의류,9,0.056854311376810074,False
IMG_025,자동차,IMG_008,쇼핑백,10,0.054094165563583374,False
IMG_025,자동차,IMG_022,휴대폰,11,0.05352088063955307,False
IMG_025,자동차,IMG_017,도서용품,12,0.05176809802651405,False
IMG_025,자동차,IMG_026,전자기기,13,0.05044034868478775,False
IMG_025,자동차,IMG_011,의류,14,0.05018826574087143,False
IMG_025,자동차,IMG_009,휴대폰,15,0.04769299924373627,False
IMG_025,자동차,IMG_014,기타물품,16,0.0476749986410141,False
IMG_025,자동차,IMG_019,가방,17,0.04344719648361206,False
IMG_025,자동차,IMG_006,가방,18,0.0403536856174469,False
IMG_025,자동차,IMG_010,기타물품,19,0.03688310831785202,False
IMG_025,자동차,IMG_024,의류,20,0.03521345183253288,False
IMG_025,자동차,IMG_018,휴대폰,21,0.03310427814722061,False
IMG_025,자동차,IMG_021,쇼핑백,22,0.03253522142767906,False
IMG_025,자동차,IMG_029,전자기기,23,0.03220061957836151,False
IMG_025,자동차,IMG_013,전자기기,24,0.019530152902007103,False
IMG_025,자동차,IMG_030,휴대폰,25,0.018636468797922134,False
IMG_025,자동차,IMG_016,전자기기,26,0.017000257968902588,False
IMG_025,자동차,IMG_023,기타물품,27,0.014769569970667362,False
IMG_025,자동차,IMG_015,가방,28,0.012334553524851799,False
IMG_025,자동차,IMG_028,가방,29,0.004375615157186985,False
IMG_025,자동차,IMG_001,가방,30,0.0014345459640026093,False
IMG_026,전자기기,IMG_026,전자기기,1,0.12001049518585205,True
IMG_026,전자기기,IMG_012,자동차,2,0.1173914223909378,False
IMG_026,전자기기,IMG_017,도서용품,3,0.08340438455343246,False
IMG_026,전자기기,IMG_004,도서용품,4,0.07622562348842621,False
IMG_026,전자기기,IMG_018,휴대폰,5,0.07572642713785172,False
IMG_026,전자기기,IMG_003,전자기기,6,0.07562374323606491,False
IMG_026,전자기기,IMG_006,가방,7,0.07144834101200104,False
IMG_026,전자기기,IMG_005,휴대폰,8,0.06721174716949463,False
IMG_026,전자기기,IMG_024,의류,9,0.06609554588794708,False
IMG_026,전자기기,IMG_025,자동차,10,0.06248828396201134,False
IMG_026,전자기기,IMG_007,의류,11,0.06176254525780678,False
IMG_026,전자기기,IMG_010,기타물품,12,0.058174777776002884,False
IMG_026,전자기기,IMG_002,자동차,13,0.050565969198942184,False
IMG_026,전자기기,IMG_022,휴대폰,14,0.04922303184866905,False
IMG_026,전자기기,IMG_020,의류,15,0.046937666833400726,False
IMG_026,전자기기,IMG_009,휴대폰,16,0.042779114097356796,False
IMG_026,전자기기,IMG_008,쇼핑백,17,0.04270225390791893,False
IMG_026,전자기기,IMG_030,휴대폰,18,0.03400534763932228,False
IMG_026,전자기기,IMG_016,전자기기,19,0.03134283423423767,False
IMG_026,전자기기,IMG_023,기타물품,20,0.029761578887701035,False
IMG_026,전자기기,IMG_021,쇼핑백,21,0.029049886390566826,False
IMG_026,전자기기,IMG_014,기타물품,22,0.026359781622886658,False
IMG_026,전자기기,IMG_001,가방,23,0.02494107186794281,False
IMG_026,전자기기,IMG_019,가방,24,0.02222430892288685,False
IMG_026,전자기기,IMG_028,가방,25,0.017985405400395393,False
IMG_026,전자기기,IMG_013,전자기기,26,0.01737590879201889,False
IMG_026,전자기기,IMG_015,가방,27,0.017268626019358635,False
IMG_026,전자기기,IMG_029,전자기기,28,0.015740444883704185,False
IMG_026,전자기기,IMG_011,의류,29,0.00077863410115242,False
IMG_026,전자기기,IMG_027,기타물품,30,-0.0024420414119958878,False
IMG_027,기타물품,IMG_027,기타물품,1,0.1414773017168045,True
IMG_027,기타물품,IMG_011,의류,2,0.06695493310689926,False
IMG_027,기타물품,IMG_012,자동차,3,0.06340163201093674,False
IMG_027,기타물품,IMG_028,가방,4,0.06292906403541565,False
IMG_027,기타물품,IMG_006,가방,5,0.06118055060505867,False
IMG_027,기타물품,IMG_008,쇼핑백,6,0.05544854700565338,False
IMG_027,기타물품,IMG_019,가방,7,0.05001063644886017,False
IMG_027,기타물품,IMG_021,쇼핑백,8,0.045717786997556686,False
IMG_027,기타물품,IMG_004,도서용품,9,0.04380558431148529,False
IMG_027,기타물품,IMG_015,가방,10,0.04161874204874039,False
IMG_027,기타물품,IMG_026,전자기기,11,0.03942269831895828,False
IMG_027,기타물품,IMG_003,전자기기,12,0.03737352788448334,False
IMG_027,기타물품,IMG_005,휴대폰,13,0.03696231544017792,False
IMG_027,기타물품,IMG_017,도서용품,14,0.03645665943622589,False
IMG_027,기타물품,IMG_025,자동차,15,0.033186160027980804,False
IMG_027,기타물품,IMG_007,의류,16,0.03276461362838745,False
IMG_027,기타물품,IMG_009,휴대폰,17,0.031193237751722336,False
IMG_027,기타물품,IMG_014,기타물품,18,0.03050815686583519,False
IMG_027,기타물품,IMG_016,전자기기,19,0.030461113899946213,False
IMG_027,기타물품,IMG_024,의류,20,0.022598791867494583,False
IMG_027,기타물품,IMG_010,기타물품,21,0.020367052406072617,False
IMG_027,기타물품,IMG_022,휴대폰,22,0.02025037631392479,False
IMG_027,기타물품,IMG_023,기타물품,23,0.019991545006632805,False
IMG_027,기타물품,IMG_002,자동차,24,0.017216570675373077,False
IMG_027,기타물품,IMG_020,의류,25,0.000848402502015233,False
IMG_027,기타물품,IMG_001,가방,26,-0.0012420322746038437,False
IMG_027,기타물품,IMG_029,전자기기,27,-0.005207993555814028,False
IMG_027,기타물품,IMG_013,전자기기,28,-0.005548438057303429,False
IMG_027,기타물품,IMG_018,휴대폰,29,-0.007430023979395628,False
IMG_027,기타물품,IMG_030,휴대폰,30,-0.010613972321152687,False
IMG_028,가방,IMG_023,기타물품,1,0.11195407807826996,False
IMG_028,가방,IMG_028,가방,2,0.10783904790878296,True
IMG_028,가방,IMG_008,쇼핑백,3,0.08458799123764038,False
IMG_028,가방,IMG_017,도서용품,4,0.08123084902763367,False
IMG_028,가방,IMG_006,가방,5,0.0801980271935463,False
IMG_028,가방,IMG_021,쇼핑백,6,0.06701377779245377,False
IMG_028,가방,IMG_004,도서용품,7,0.06348352134227753,False
IMG_028,가방,IMG_025,자동차,8,0.05237511917948723,False
IMG_028,가방,IMG_012,자동차,9,0.04812881350517273,False
IMG_028,가방,IMG_007,의류,10,0.045977942645549774,False
IMG_028,가방,IMG_010,기타물품,11,0.044294267892837524,False
IMG_028,가방,IMG_005,휴대폰,12,0.04358874261379242,False
IMG_028,가방,IMG_001,가방,13,0.03900143876671791,False
IMG_028,가방,IMG_022,휴대폰,14,0.03731367737054825,False
IMG_028,가방,IMG_027,기타물품,15,0.0370352603495121,False
IMG_028,가방,IMG_014,기타물품,16,0.03552417829632759,False
IMG_028,가방,IMG_024,의류,17,0.03442482650279999,False
IMG_028,가방,IMG_015,가방,18,0.027664614841341972,False
IMG_028,가방,IMG_030,휴대폰,19,0.026970431208610535,False
IMG_028,가방,IMG_013,전자기기,20,0.02599046379327774,False
IMG_028,가방,IMG_019,가방,21,0.02561001665890217,False
IMG_028,가방,IMG_009,휴대폰,22,0.018977295607328415,False
IMG_028,가방,IMG_026,전자기기,23,0.015500569716095924,False
IMG_028,가방,IMG_016,전자기기,24,0.011264121159911156,False
IMG_028,가방,IMG_020,의류,25,0.003058002330362797,False
IMG_028,가방,IMG_003,전자기기,26,-0.0005669966340065002,False
IMG_028,가방,IMG_029,전자기기,27,-0.0022697895765304565,False
IMG_028,가방,IMG_002,자동차,28,-0.0023156749084591866,False
IMG_028,가방,IMG_011,의류,29,-0.005987733602523804,False
IMG_028,가방,IMG_018,휴대폰,30,-0.013437222689390182,False
IMG_029,전자기기,IMG_029,전자기기,1,0.1633593738079071,True
IMG_029,전자기기,IMG_013,전자기기,2,0.12161950767040253,False
IMG_029,전자기기,IMG_006,가방,3,0.10736589878797531,False
IMG_029,전자기기,IMG_003,전자기기,4,0.10656391084194183,False
IMG_029,전자기기,IMG_016,전자기기,5,0.09859190136194229,False
IMG_029,전자기기,IMG_012,자동차,6,0.08267086744308472,False
IMG_029,전자기기,IMG_004,도서용품,7,0.07291432470083237,False
IMG_029,전자기기,IMG_021,쇼핑백,8,0.06131068617105484,False
IMG_029,전자기기,IMG_008,쇼핑백,9,0.05822984129190445,False
IMG_029,전자기기,IMG_009,휴대폰,10,0.05216779559850693,False
IMG_029,전자기기,IMG_017,도서용품,11,0.05141841620206833,False
IMG_029,전자기기,IMG_022,휴대폰,12,0.0413273386657238,False
IMG_029,전자기기,IMG_018,휴대폰,13,0.0409933403134346,False
IMG_029,전자기기,IMG_002,자동차,14,0.03923121094703674,False
IMG_029,전자기기,IMG_014,기타물품,15,0.0369790643453598,False
IMG_029,전자기기,IMG_028,가방,16,0.03492205590009689,False
IMG_029,전자기기,IMG_025,자동차,17,0.031407713890075684,False
IMG_029,전자기기,IMG_024,의류,18,0.028385698795318604,False
IMG_029,전자기기,IMG_027,기타물품,19,0.02784871682524681,False
IMG_029,전자기기,IMG_023,기타물품,20,0.026706423610448837,False
IMG_029,전자기기,IMG_026,전자기기,21,0.02666126936674118,False
IMG_029,전자기기,IMG_007,의류,22,0.02248673513531685,False
IMG_029,전자기기,IMG_030,휴대폰,23,0.02123722806572914,False
IMG_029,전자기기,IMG_001,가방,24,0.01953931339085102,False
IMG_029,전자기기,IMG_010,기타물품,25,0.01934061013162136,False
IMG_029,전자기기,IMG_005,휴대폰,26,0.016171159222722054,False
IMG_029,전자기기,IMG_019,가방,27,0.00850979145616293,False
IMG_029,전자기기,IMG_020,의류,28,0.006691507995128632,False
IMG_029,전자기기,IMG_015,가방,29,-0.001130552962422371,False
IMG_029,전자기기,IMG_011,의류,30,-0.008267289958894253,False
IMG_030,휴대폰,IMG_018,휴대폰,1,0.11025696992874146,False
IMG_030,휴대폰,IMG_013,전자기기,2,0.09778762608766556,False
IMG_030,휴대폰,IMG_012,자동차,3,0.09671783447265625,False
IMG_030,휴대폰,IMG_030,휴대폰,4,0.08801205456256866,True
IMG_030,휴대폰,IMG_005,휴대폰,5,0.07804042845964432,False
IMG_030,휴대폰,IMG_022,휴대폰,6,0.0753236711025238,False
IMG_030,휴대폰,IMG_006,가방,7,0.06294825673103333,False
IMG_030,휴대폰,IMG_014,기타물품,8,0.058195680379867554,False
IMG_030,휴대폰,IMG_009,휴대폰,9,0.053260643035173416,False
IMG_030,휴대폰,IMG_023,기타물품,10,0.053123462945222855,False
IMG_030,휴대폰,IMG_017,도서용품,11,0.0504705086350441,False
IMG_030,휴대폰,IMG_002,자동차,12,0.04998331889510155,False
IMG_030,휴대폰,IMG_004,도서용품,13,0.049440089613199234,False
IMG_030,휴대폰,IMG_016,전자기기,14,0.046451546251773834,False
IMG_030,휴대폰,IMG_003,전자기기,15,0.043672457337379456,False
IMG_030,휴대폰,IMG_026,전자기기,16,0.042651522904634476,False
IMG_030,휴대폰,IMG_025,자동차,17,0.0415540486574173,False
IMG_030,휴대폰,IMG_028,가방,18,0.04057752341032028,False
IMG_030,휴대폰,IMG_008,쇼핑백,19,0.03807973116636276,False
IMG_030,휴대폰,IMG_010,기타물품,20,0.034039534628391266,False
IMG_030,휴대폰,IMG_024,의류,21,0.03324424847960472,False
IMG_030,휴대폰,IMG_001,가방,22,0.030002649873495102,False
IMG_030,휴대폰,IMG_015,가방,23,0.026066739112138748,False
IMG_030,휴대폰,IMG_021,쇼핑백,24,0.024513985961675644,False
IMG_030,휴대폰,IMG_029,전자기기,25,0.011018309742212296,False
IMG_030,휴대폰,IMG_020,의류,26,0.010614410042762756,False
IMG_030,휴대폰,IMG_007,의류,27,0.005933706182986498,False
IMG_030,휴대폰,IMG_027,기타물품,28,0.0039013298228383064,False
IMG_030,휴대폰,IMG_019,가방,29,-0.008280612528324127,False
IMG_030,휴대폰,IMG_011,의류,30,-0.019236572086811066,False
