query_id,query_category,candidate_id,candidate_category,candidate_pool_size,rank,score,correct
IMG_001,가방,IMG_001,가방,5,1,0.11816529929637909,True
IMG_001,가방,IMG_006,가방,5,2,0.06639046221971512,False
IMG_001,가방,IMG_019,가방,5,3,0.05920102447271347,False
IMG_001,가방,IMG_028,가방,5,4,0.04811238497495651,False
IMG_001,가방,IMG_015,가방,5,5,0.02916531451046467,False
IMG_002,자동차,IMG_002,자동차,3,1,0.12213022261857986,True
IMG_002,자동차,IMG_025,자동차,3,2,0.1208275631070137,False
IMG_002,자동차,IMG_012,자동차,3,3,0.10050048679113388,False
IMG_003,전자기기,IMG_003,전자기기,5,1,0.15071623027324677,True
IMG_003,전자기기,IMG_029,전자기기,5,2,0.13277453184127808,False
IMG_003,전자기기,IMG_016,전자기기,5,3,0.12341173738241196,False
IMG_003,전자기기,IMG_026,전자기기,5,4,0.09194208681583405,False
IMG_003,전자기기,IMG_013,전자기기,5,5,0.0819673091173172,False
IMG_004,도서용품,IMG_004,도서용품,2,1,0.15155655145645142,True
IMG_004,도서용품,IMG_017,도서용품,2,2,0.09034338593482971,False
IMG_005,휴대폰,IMG_005,휴대폰,5,1,0.10911230742931366,True
IMG_005,휴대폰,IMG_018,휴대폰,5,2,0.09156066179275513,False
IMG_005,휴대폰,IMG_009,휴대폰,5,3,0.08606058359146118,False
IMG_005,휴대폰,IMG_030,휴대폰,5,4,0.07306357473134995,False
IMG_005,휴대폰,IMG_022,휴대폰,5,5,0.06327640265226364,False
IMG_006,가방,IMG_006,가방,5,1,0.11942197382450104,True
IMG_006,가방,IMG_001,가방,5,2,0.11307631433010101,False
IMG_006,가방,IMG_019,가방,5,3,0.09741400182247162,False
IMG_006,가방,IMG_028,가방,5,4,0.07532154768705368,False
IMG_006,가방,IMG_015,가방,5,5,0.04347869008779526,False
IMG_007,의류,IMG_020,의류,4,1,0.07776108384132385,False
IMG_007,의류,IMG_024,의류,4,2,0.06675370037555695,False
IMG_007,의류,IMG_011,의류,4,3,0.06669682264328003,False
IMG_007,의류,IMG_007,의류,4,4,0.05710625648498535,True
IMG_008,쇼핑백,IMG_008,쇼핑백,2,1,0.16505196690559387,True
IMG_008,쇼핑백,IMG_021,쇼핑백,2,2,0.1480422168970108,False
IMG_009,휴대폰,IMG_009,휴대폰,5,1,0.11048902571201324,True
IMG_009,휴대폰,IMG_018,휴대폰,5,2,0.08974235504865646,False
IMG_009,휴대폰,IMG_005,휴대폰,5,3,0.08411657810211182,False
IMG_009,휴대폰,IMG_022,휴대폰,5,4,0.08228505402803421,False
IMG_009,휴대폰,IMG_030,휴대폰,5,5,0.04859192669391632,False
IMG_010,기타물품,IMG_010,기타물품,4,1,0.06790441274642944,True
IMG_010,기타물품,IMG_027,기타물품,4,2,0.05828367546200752,False
IMG_010,기타물품,IMG_023,기타물품,4,3,0.04379450902342796,False
IMG_010,기타물품,IMG_014,기타물품,4,4,0.029438266530632973,False
IMG_011,의류,IMG_011,의류,4,1,0.10868825763463974,True
IMG_011,의류,IMG_020,의류,4,2,0.06675595045089722,False
IMG_011,의류,IMG_024,의류,4,3,0.06226808577775955,False
IMG_011,의류,IMG_007,의류,4,4,0.029531903564929962,False
IMG_012,자동차,IMG_002,자동차,3,1,0.11206723749637604,False
IMG_012,자동차,IMG_012,자동차,3,2,0.10406042635440826,True
IMG_012,자동차,IMG_025,자동차,3,3,0.1024724617600441,False
IMG_013,전자기기,IMG_013,전자기기,5,1,0.18537062406539917,True
IMG_013,전자기기,IMG_029,전자기기,5,2,0.128919780254364,False
IMG_013,전자기기,IMG_016,전자기기,5,3,0.10431146621704102,False
IMG_013,전자기기,IMG_003,전자기기,5,4,0.09650351107120514,False
IMG_013,전자기기,IMG_026,전자기기,5,5,0.004986003041267395,False
IMG_014,기타물품,IMG_014,기타물품,4,1,0.09000812470912933,True
IMG_014,기타물품,IMG_027,기타물품,4,2,0.04784473031759262,False
IMG_014,기타물품,IMG_010,기타물품,4,3,0.0443262904882431,False
IMG_014,기타물품,IMG_023,기타물품,4,4,0.042860887944698334,False
IMG_015,가방,IMG_001,가방,5,1,0.08117713779211044,False
IMG_015,가방,IMG_015,가방,5,2,0.0698847621679306,True
IMG_015,가방,IMG_019,가방,5,3,0.0674590989947319,False
IMG_015,가방,IMG_028,가방,5,4,0.04460831359028816,False
IMG_015,가방,IMG_006,가방,5,5,0.03442501649260521,False
IMG_016,전자기기,IMG_029,전자기기,5,1,0.11576563864946365,False
IMG_016,전자기기,IMG_016,전자기기,5,2,0.1007097065448761,True
IMG_016,전자기기,IMG_013,전자기기,5,3,0.09603936225175858,False
IMG_016,전자기기,IMG_003,전자기기,5,4,0.09195927530527115,False
IMG_016,전자기기,IMG_026,전자기기,5,5,0.03947187960147858,False
IMG_017,도서용품,IMG_017,도서용품,2,1,0.12778466939926147,True
IMG_017,도서용품,IMG_004,도서용품,2,2,0.09491757303476334,False
IMG_018,휴대폰,IMG_005,휴대폰,5,1,0.11698178946971893,False
IMG_018,휴대폰,IMG_018,휴대폰,5,2,0.1045815721154213,True
IMG_018,휴대폰,IMG_009,휴대폰,5,3,0.10247094184160233,False
IMG_018,휴대폰,IMG_030,휴대폰,5,4,0.09669438004493713,False
IMG_018,휴대폰,IMG_022,휴대폰,5,5,0.0833868682384491,False
IMG_019,가방,IMG_001,가방,5,1,0.10087941586971283,False
IMG_019,가방,IMG_019,가방,5,2,0.1004319116473198,True
IMG_019,가방,IMG_028,가방,5,3,0.06276688724756241,False
IMG_019,가방,IMG_015,가방,5,4,0.05611928552389145,False
IMG_019,가방,IMG_006,가방,5,5,0.04302706941962242,False
IMG_020,의류,IMG_020,의류,4,1,0.1524658203125,True
IMG_020,의류,IMG_024,의류,4,2,0.06223853677511215,False
IMG_020,의류,IMG_007,의류,4,3,0.046990588307380676,False
IMG_020,의류,IMG_011,의류,4,4,0.021466773003339767,False
IMG_021,쇼핑백,IMG_008,쇼핑백,2,1,0.15229231119155884,False
IMG_021,쇼핑백,IMG_021,쇼핑백,2,2,0.15221768617630005,True
IMG_022,휴대폰,IMG_022,휴대폰,5,1,0.12514303624629974,True
IMG_022,휴대폰,IMG_009,휴대폰,5,2,0.1025455892086029,False
IMG_022,휴대폰,IMG_018,휴대폰,5,3,0.09064443409442902,False
IMG_022,휴대폰,IMG_005,휴대폰,5,4,0.07763781398534775,False
IMG_022,휴대폰,IMG_030,휴대폰,5,5,0.06770151108503342,False
IMG_023,기타물품,IMG_023,기타물품,4,1,0.09528805315494537,True
IMG_023,기타물품,IMG_027,기타물품,4,2,0.03985127806663513,False
IMG_023,기타물품,IMG_010,기타물품,4,3,0.029850512742996216,False
IMG_023,기타물품,IMG_014,기타물품,4,4,0.0016268230974674225,False
IMG_024,의류,IMG_024,의류,4,1,0.04943050071597099,True
IMG_024,의류,IMG_020,의류,4,2,0.04820040985941887,False
IMG_024,의류,IMG_011,의류,4,3,0.03672725707292557,False
IMG_024,의류,IMG_007,의류,4,4,0.02061108499765396,False
IMG_025,자동차,IMG_025,자동차,3,1,0.10502392053604126,True
IMG_025,자동차,IMG_002,자동차,3,2,0.07858283817768097,False
IMG_025,자동차,IMG_012,자동차,3,3,0.07262629270553589,False
IMG_026,전자기기,IMG_026,전자기기,5,1,0.11490872502326965,True
IMG_026,전자기기,IMG_003,전자기기,5,2,0.07012400031089783,False
IMG_026,전자기기,IMG_016,전자기기,5,3,0.0572042241692543,False
IMG_026,전자기기,IMG_029,전자기기,5,4,0.05690816417336464,False
IMG_026,전자기기,IMG_013,전자기기,5,5,0.03454556316137314,False
IMG_027,기타물품,IMG_027,기타물품,4,1,0.15240764617919922,True
IMG_027,기타물품,IMG_023,기타물품,4,2,0.06281979382038116,False
IMG_027,기타물품,IMG_010,기타물품,4,3,0.06092619150876999,False
IMG_027,기타물품,IMG_014,기타물품,4,4,0.012620207853615284,False
IMG_028,가방,IMG_028,가방,5,1,0.10319453477859497,True
IMG_028,가방,IMG_006,가방,5,2,0.09157858043909073,False
IMG_028,가방,IMG_001,가방,5,3,0.08578707277774811,False
IMG_028,가방,IMG_019,가방,5,4,0.08021531254053116,False
IMG_028,가방,IMG_015,가방,5,5,0.020108528435230255,False
IMG_029,전자기기,IMG_029,전자기기,5,1,0.17285805940628052,True
IMG_029,전자기기,IMG_016,전자기기,5,2,0.14628052711486816,False
IMG_029,전자기기,IMG_003,전자기기,5,3,0.1387791782617569,False
IMG_029,전자기기,IMG_013,전자기기,5,4,0.1276872456073761,False
IMG_029,전자기기,IMG_026,전자기기,5,5,0.02385832369327545,False
IMG_030,휴대폰,IMG_022,휴대폰,5,1,0.1107320785522461,False
IMG_030,휴대폰,IMG_030,휴대폰,5,2,0.07810205966234207,True
IMG_030,휴대폰,IMG_009,휴대폰,5,3,0.06753149628639221,False
IMG_030,휴대폰,IMG_005,휴대폰,5,4,0.06405319273471832,False
IMG_030,휴대폰,IMG_018,휴대폰,5,5,0.06135199964046478,False
