sample_id,category_l1,item_name,rule_visual_text,llm_visual_text
IMG_001,가방,파란색 가방,시안(청록) 여성용가방 파란색 가방,청록색 계열 여성용 가방
IMG_002,자동차,스마트 차키(KIA),블랙(검정) 자동차열쇠 스마트 차키(KIA),검정색 KIA 스마트 차키
IMG_003,전자기기,무선이어폰 한쪽,블랙(검정) 무선이어폰 무선이어폰 한쪽,검정색 무선이어폰 한쪽
IMG_004,도서용품,책(설득),화이트(흰) 소설 책(설득),흰색 책 설득
IMG_005,휴대폰,휴대폰,블랙(검정) 삼성휴대폰 휴대폰,검정색 삼성 휴대폰
IMG_006,가방,파우치 / 카드지갑,코럴(산호) 기타가방 파우치 / 카드지갑,코럴색 파우치 또는 카드지갑
IMG_007,의류,검정가디건,블랙(검정) 여성의류 검정가디건,검정색 여성용 가디건
IMG_008,쇼핑백,"종이쇼핑백, 부동산계약서","화이트(흰) 쇼핑백 종이쇼핑백, 부동산계약서",흰색 종이 쇼핑백과 부동산 계약서
IMG_009,휴대폰,아이폰,블랙(검정) 아이폰 아이폰,검정색 아이폰
IMG_010,기타물품,폼시트,엘로우(노랑) 기타 폼시트,노란색 폼시트
IMG_011,의류,모자,블랙(검정) 모자 모자,검정색 모자
IMG_012,자동차,Bmw,알리자린(홍) 자동차열쇠 Bmw,붉은색 BMW 자동차 열쇠
IMG_013,전자기기,보라색 케이스에 들어있는 에어팟,화이트(흰) 무선이어폰 보라색 케이스에 들어있는 에어팟,보라색 케이스에 들어 있는 흰색 에어팟
IMG_014,기타물품,머리띠,코발트(짙은청록) 기타 머리띠,짙은 청록색 머리띠
IMG_015,가방,캐리어,레드(연한레드) 기타가방 캐리어,연한 빨간색 캐리어
IMG_016,전자기기,무선이어폰,화이트(흰) 무선이어폰 무선이어폰,흰색 무선이어폰
IMG_017,도서용품,식품위생교재,블루(파랑) 학습서적 식품위생교재,파란색 식품위생 교재
IMG_018,휴대폰,핸드폰,블랙(검정) 기타휴대폰 핸드폰,검정색 휴대폰
IMG_019,가방,여성 가방,그레이(회) 여성용가방 여성 가방,회색 여성용 가방
IMG_020,의류,검정색 반팔티 (아디다스),블랙(검정) 여성의류 검정색 반팔티 (아디다스),검정색 아디다스 여성용 반팔 티셔츠
IMG_021,쇼핑백,쇼핑백,화이트(흰) 쇼핑백 쇼핑백,흰색 쇼핑백
IMG_022,휴대폰,아이폰,핑크(연한핑크) 아이폰 아이폰,연한 분홍색 아이폰
IMG_023,기타물품,여성용 파우치 (coach),다크레드(진빨강) 기타 여성용 파우치 (coach),진한 빨간색 Coach 여성용 파우치
IMG_024,의류,에잇세컨즈 바람막이,블랙(검정) 여성의류 에잇세컨즈 바람막이,검정색 에잇세컨즈 여성용 바람막이
IMG_025,자동차,그렌져 차키,블랙(검정) 자동차열쇠 그렌져 차키,검정색 그렌져 차키
IMG_026,전자기기,삼성 태블릿,블랙(검정) 태블릿 삼성 태블릿,검정색 삼성 태블릿
IMG_027,기타물품,renoma 양산,그레이(회) 기타 renoma 양산,회색 renoma 양산
IMG_028,가방,파우치,레드(연한빨강) 여성용가방 파우치,연한 빨간색 파우치
IMG_029,전자기기,에어팟 한쪽,화이트(흰) 무선이어폰 에어팟 한쪽,흰색 에어팟 한쪽
IMG_030,휴대폰,갤럭시 휴대폰,바이올렛(보라) 삼성휴대폰 갤럭시 휴대폰,보라색 삼성 갤럭시 휴대폰
