,민준지갑_01,민준지갑_02,민준지갑_03,민준지갑_04,민준지갑_05,병주지갑_01,병주지갑_02,병주지갑_03,병주지갑_04,병주지갑_05
민준_01,0.1549727,0.11192897,0.15112157,0.11969292,0.15884764,0.12425858,0.11410941,0.10515596,0.13112764,0.115841165
민준_02,0.14673403,0.120327264,0.14534923,0.12878007,0.14912605,0.09621067,0.087167084,0.078099586,0.09415085,0.096826926
민준_03,0.16506884,0.14573626,0.16043918,0.15035817,0.15865839,0.10096721,0.08620696,0.071924,0.09950037,0.091046095
민준_04,0.123806484,0.10689491,0.12606885,0.12349221,0.11923175,0.09289971,0.09177199,0.0739965,0.103347,0.103748016
민준_05,0.13846236,0.14156917,0.13872816,0.14869633,0.13372909,0.12474679,0.12663192,0.11384409,0.12876055,0.132614
병주_01,0.09582466,0.085256584,0.09910829,0.0871115,0.10200737,0.14329188,0.13612881,0.135324,0.16084732,0.15546197
병주_02,0.1100163,0.11674729,0.110369295,0.11327966,0.11226562,0.15262628,0.14920786,0.13623975,0.16198388,0.15414125
병주_03,0.13131861,0.11927433,0.13362166,0.122554645,0.13866802,0.13864367,0.13492067,0.13503976,0.16369349,0.15002452
병주_04,0.11690359,0.10930342,0.11320631,0.10649505,0.12070575,0.15130197,0.14781088,0.1498506,0.15347025,0.15791816
병주_05,0.1210488,0.12418988,0.120176956,0.12981515,0.12246777,0.13110262,0.12972265,0.12307726,0.13444147,0.12934396
