query,query_label,candidate,candidate_label,rank,score,correct
민준_01,민준,민준지갑_05,민준,1,0.1588476449251175,True
민준_01,민준,민준지갑_01,민준,2,0.15497270226478577,True
민준_01,민준,민준지갑_03,민준,3,0.1511215716600418,True
민준_01,민준,병주지갑_04,병주,4,0.13112764060497284,False
민준_01,민준,병주지갑_01,병주,5,0.12425857782363892,False
민준_01,민준,민준지갑_04,민준,6,0.11969292163848877,True
민준_01,민준,병주지갑_05,병주,7,0.11584116518497467,False
민준_01,민준,병주지갑_02,병주,8,0.11410941183567047,False
민준_01,민준,민준지갑_02,민준,9,0.11192896962165833,True
민준_01,민준,병주지갑_03,병주,10,0.10515595972537994,False
민준_02,민준,민준지갑_05,민준,1,0.1491260528564453,True
민준_02,민준,민준지갑_01,민준,2,0.14673402905464172,True
민준_02,민준,민준지갑_03,민준,3,0.14534923434257507,True
민준_02,민준,민준지갑_04,민준,4,0.1287800669670105,True
민준_02,민준,민준지갑_02,민준,5,0.12032726407051086,True
민준_02,민준,병주지갑_05,병주,6,0.09682692587375641,False
민준_02,민준,병주지갑_01,병주,7,0.09621067345142365,False
민준_02,민준,병주지갑_04,병주,8,0.0941508486866951,False
민준_02,민준,병주지갑_02,병주,9,0.08716708421707153,False
민준_02,민준,병주지갑_03,병주,10,0.07809958606958389,False
민준_03,민준,민준지갑_01,민준,1,0.1650688350200653,True
민준_03,민준,민준지갑_03,민준,2,0.16043917834758759,True
민준_03,민준,민준지갑_05,민준,3,0.15865838527679443,True
민준_03,민준,민준지갑_04,민준,4,0.1503581702709198,True
민준_03,민준,민준지갑_02,민준,5,0.14573626220226288,True
민준_03,민준,병주지갑_01,병주,6,0.10096721351146698,False
민준_03,민준,병주지갑_04,병주,7,0.099500373005867,False
민준_03,민준,병주지갑_05,병주,8,0.09104609489440918,False
민준_03,민준,병주지갑_02,병주,9,0.08620695769786835,False
민준_03,민준,병주지갑_03,병주,10,0.07192400097846985,False
민준_04,민준,민준지갑_03,민준,1,0.1260688453912735,True
민준_04,민준,민준지갑_01,민준,2,0.12380648404359818,True
민준_04,민준,민준지갑_04,민준,3,0.12349221110343933,True
민준_04,민준,민준지갑_05,민준,4,0.11923175305128098,True
민준_04,민준,민준지갑_02,민준,5,0.10689491033554077,True
민준_04,민준,병주지갑_05,병주,6,0.10374801605939865,False
민준_04,민준,병주지갑_04,병주,7,0.10334700345993042,False
민준_04,민준,병주지갑_01,병주,8,0.09289970993995667,False
민준_04,민준,병주지갑_02,병주,9,0.09177199006080627,False
민준_04,민준,병주지갑_03,병주,10,0.07399649918079376,False
민준_05,민준,민준지갑_04,민준,1,0.14869633316993713,True
민준_05,민준,민준지갑_02,민준,2,0.14156916737556458,True
민준_05,민준,민준지갑_03,민준,3,0.13872815668582916,True
민준_05,민준,민준지갑_01,민준,4,0.1384623646736145,True
민준_05,민준,민준지갑_05,민준,5,0.13372908532619476,True
민준_05,민준,병주지갑_05,병주,6,0.13261400163173676,False
민준_05,민준,병주지갑_04,병주,7,0.12876054644584656,False
민준_05,민준,병주지갑_02,병주,8,0.12663191556930542,False
민준_05,민준,병주지갑_01,병주,9,0.12474679201841354,False
민준_05,민준,병주지갑_03,병주,10,0.11384408921003342,False
병주_01,병주,병주지갑_04,병주,1,0.16084732115268707,True
병주_01,병주,병주지갑_05,병주,2,0.15546196699142456,True
병주_01,병주,병주지갑_01,병주,3,0.1432918757200241,True
병주_01,병주,병주지갑_02,병주,4,0.13612881302833557,True
병주_01,병주,병주지갑_03,병주,5,0.13532400131225586,True
병주_01,병주,민준지갑_05,민준,6,0.10200736671686172,False
병주_01,병주,민준지갑_03,민준,7,0.09910829365253448,False
병주_01,병주,민준지갑_01,민준,8,0.09582465887069702,False
병주_01,병주,민준지갑_04,민준,9,0.08711150288581848,False
병주_01,병주,민준지갑_02,민준,10,0.08525658398866653,False
병주_02,병주,병주지갑_04,병주,1,0.16198387742042542,True
병주_02,병주,병주지갑_05,병주,2,0.15414124727249146,True
병주_02,병주,병주지갑_01,병주,3,0.15262627601623535,True
병주_02,병주,병주지갑_02,병주,4,0.14920786023139954,True
병주_02,병주,병주지갑_03,병주,5,0.13623975217342377,True
병주_02,병주,민준지갑_02,민준,6,0.11674728989601135,False
병주_02,병주,민준지갑_04,민준,7,0.11327966302633286,False
병주_02,병주,민준지갑_05,민준,8,0.11226561665534973,False
병주_02,병주,민준지갑_03,민준,9,0.11036929488182068,False
병주_02,병주,민준지갑_01,민준,10,0.11001630127429962,False
병주_03,병주,병주지갑_04,병주,1,0.16369348764419556,True
병주_03,병주,병주지갑_05,병주,2,0.15002451837062836,True
병주_03,병주,민준지갑_05,민준,3,0.1386680155992508,False
병주_03,병주,병주지갑_01,병주,4,0.13864366710186005,True
병주_03,병주,병주지갑_03,병주,5,0.13503976166248322,True
병주_03,병주,병주지갑_02,병주,6,0.13492067158222198,True
병주_03,병주,민준지갑_03,민준,7,0.13362166285514832,False
병주_03,병주,민준지갑_01,민준,8,0.1313186138868332,False
병주_03,병주,민준지갑_04,민준,9,0.12255464494228363,False
병주_03,병주,민준지갑_02,민준,10,0.1192743331193924,False
병주_04,병주,병주지갑_05,병주,1,0.15791815519332886,True
병주_04,병주,병주지갑_04,병주,2,0.1534702479839325,True
병주_04,병주,병주지갑_01,병주,3,0.15130196511745453,True
병주_04,병주,병주지갑_03,병주,4,0.14985060691833496,True
병주_04,병주,병주지갑_02,병주,5,0.14781087636947632,True
병주_04,병주,민준지갑_05,민준,6,0.1207057535648346,False
병주_04,병주,민준지갑_01,민준,7,0.11690358817577362,False
병주_04,병주,민준지갑_03,민준,8,0.11320631206035614,False
병주_04,병주,민준지갑_02,민준,9,0.10930342227220535,False
병주_04,병주,민준지갑_04,민준,10,0.10649505257606506,False
병주_05,병주,병주지갑_04,병주,1,0.13444146513938904,True
병주_05,병주,병주지갑_01,병주,2,0.13110262155532837,True
병주_05,병주,민준지갑_04,민준,3,0.12981514632701874,False
병주_05,병주,병주지갑_02,병주,4,0.12972265481948853,True
병주_05,병주,병주지갑_05,병주,5,0.12934395670890808,True
병주_05,병주,민준지갑_02,민준,6,0.12418988347053528,False
병주_05,병주,병주지갑_03,병주,7,0.12307725846767426,True
병주_05,병주,민준지갑_05,민준,8,0.1224677711725235,False
병주_05,병주,민준지갑_01,민준,9,0.12104880064725876,False
병주_05,병주,민준지갑_03,민준,10,0.12017695605754852,False
