query_id,candidate_id,rank,score,correct
IMG_001,IMG_001,1,0.12259956449270248,True
IMG_001,IMG_008,2,0.11734634637832642,False
IMG_001,IMG_006,3,0.1149025559425354,False
IMG_001,IMG_019,4,0.11222849786281586,False
IMG_001,IMG_028,5,0.11129841208457947,False
IMG_001,IMG_023,6,0.10855124145746231,False
IMG_001,IMG_021,7,0.1031872034072876,False
IMG_001,IMG_015,8,0.09819050133228302,False
IMG_001,IMG_007,9,0.09319843351840973,False
IMG_001,IMG_012,10,0.08690492808818817,False
IMG_001,IMG_014,11,0.08336430788040161,False
IMG_001,IMG_027,12,0.08090464770793915,False
IMG_001,IMG_004,13,0.07830740511417389,False
IMG_001,IMG_010,14,0.07808656990528107,False
IMG_001,IMG_017,15,0.07751116901636124,False
IMG_001,IMG_013,16,0.07560725510120392,False
IMG_001,IMG_025,17,0.07157789170742035,False
IMG_001,IMG_024,18,0.06661221385002136,False
IMG_001,IMG_005,19,0.0654338151216507,False
IMG_001,IMG_011,20,0.06378255784511566,False
IMG_001,IMG_022,21,0.058384522795677185,False
IMG_001,IMG_016,22,0.05086912587285042,False
IMG_001,IMG_026,23,0.04962252080440521,False
IMG_001,IMG_009,24,0.04152499884366989,False
IMG_001,IMG_030,25,0.03742711991071701,False
IMG_001,IMG_003,26,0.03388339281082153,False
IMG_001,IMG_020,27,0.031599074602127075,False
IMG_001,IMG_002,28,0.027677178382873535,False
IMG_001,IMG_029,29,0.02100985124707222,False
IMG_001,IMG_018,30,0.007666135206818581,False
IMG_002,IMG_002,1,0.11753033101558685,True
IMG_002,IMG_012,2,0.0946994200348854,False
IMG_002,IMG_003,3,0.09371179342269897,False
IMG_002,IMG_027,4,0.09112103283405304,False
IMG_002,IMG_025,5,0.08298676460981369,False
IMG_002,IMG_006,6,0.07989611476659775,False
IMG_002,IMG_014,7,0.07874563336372375,False
IMG_002,IMG_016,8,0.07845522463321686,False
IMG_002,IMG_026,9,0.07597145438194275,False
IMG_002,IMG_007,10,0.07454164326190948,False
IMG_002,IMG_017,11,0.07051616907119751,False
IMG_002,IMG_008,12,0.0702102929353714,False
IMG_002,IMG_013,13,0.0681135505437851,False
IMG_002,IMG_009,14,0.06317419558763504,False
IMG_002,IMG_004,15,0.06195686012506485,False
IMG_002,IMG_005,16,0.05912260338664055,False
IMG_002,IMG_024,17,0.05900704860687256,False
IMG_002,IMG_019,18,0.04979364573955536,False
IMG_002,IMG_010,19,0.04702088236808777,False
IMG_002,IMG_022,20,0.046262748539447784,False
IMG_002,IMG_015,21,0.04150282219052315,False
IMG_002,IMG_021,22,0.038736727088689804,False
IMG_002,IMG_029,23,0.038107022643089294,False
IMG_002,IMG_011,24,0.03595811128616333,False
IMG_002,IMG_020,25,0.0338163822889328,False
IMG_002,IMG_018,26,0.026655025780200958,False
IMG_002,IMG_023,27,0.02240719646215439,False
IMG_002,IMG_028,28,0.01937209628522396,False
IMG_002,IMG_001,29,0.01737399213016033,False
IMG_002,IMG_030,30,0.004415960982441902,False
IMG_003,IMG_006,1,0.12860922515392303,False
IMG_003,IMG_003,2,0.12136011570692062,True
IMG_003,IMG_029,3,0.11590410023927689,False
IMG_003,IMG_016,4,0.11054516583681107,False
IMG_003,IMG_012,5,0.1101747527718544,False
IMG_003,IMG_013,6,0.10537008941173553,False
IMG_003,IMG_009,7,0.08593764901161194,False
IMG_003,IMG_014,8,0.08524516224861145,False
IMG_003,IMG_005,9,0.08241824060678482,False
IMG_003,IMG_025,10,0.08153682202100754,False
IMG_003,IMG_008,11,0.08009612560272217,False
IMG_003,IMG_002,12,0.07987315952777863,False
IMG_003,IMG_007,13,0.07822228968143463,False
IMG_003,IMG_026,14,0.07791260629892349,False
IMG_003,IMG_017,15,0.07750117033720016,False
IMG_003,IMG_018,16,0.07489746063947678,False
IMG_003,IMG_022,17,0.07232250273227692,False
IMG_003,IMG_021,18,0.06644998490810394,False
IMG_003,IMG_001,19,0.06602920591831207,False
IMG_003,IMG_004,20,0.06539806723594666,False
IMG_003,IMG_027,21,0.0634438768029213,False
IMG_003,IMG_024,22,0.05934850871562958,False
IMG_003,IMG_010,23,0.05864761024713516,False
IMG_003,IMG_030,24,0.05309957265853882,False
IMG_003,IMG_015,25,0.050919242203235626,False
IMG_003,IMG_023,26,0.04840441420674324,False
IMG_003,IMG_019,27,0.04491676390171051,False
IMG_003,IMG_011,28,0.04221547767519951,False
IMG_003,IMG_020,29,0.03685040399432182,False
IMG_003,IMG_028,30,0.03375854343175888,False
IMG_004,IMG_004,1,0.1532731056213379,True
IMG_004,IMG_008,2,0.14886809885501862,False
IMG_004,IMG_012,3,0.12321918457746506,False
IMG_004,IMG_010,4,0.11488232016563416,False
IMG_004,IMG_017,5,0.11487089097499847,False
IMG_004,IMG_006,6,0.11061307042837143,False
IMG_004,IMG_021,7,0.10561417788267136,False
IMG_004,IMG_003,8,0.0848577618598938,False
IMG_004,IMG_026,9,0.08166324347257614,False
IMG_004,IMG_014,10,0.08081290125846863,False
IMG_004,IMG_022,11,0.07742734253406525,False
IMG_004,IMG_024,12,0.07737510651350021,False
IMG_004,IMG_016,13,0.07347346842288971,False
IMG_004,IMG_027,14,0.0706682801246643,False
IMG_004,IMG_011,15,0.07016558945178986,False
IMG_004,IMG_001,16,0.0695878341794014,False
IMG_004,IMG_007,17,0.06912709027528763,False
IMG_004,IMG_013,18,0.0662989467382431,False
IMG_004,IMG_009,19,0.0658273994922638,False
IMG_004,IMG_028,20,0.06533091515302658,False
IMG_004,IMG_029,21,0.0645582303404808,False
IMG_004,IMG_025,22,0.062333811074495316,False
IMG_004,IMG_023,23,0.0617021881043911,False
IMG_004,IMG_015,24,0.060249168425798416,False
IMG_004,IMG_005,25,0.05513651669025421,False
IMG_004,IMG_019,26,0.05352318659424782,False
IMG_004,IMG_030,27,0.05204704403877258,False
IMG_004,IMG_020,28,0.045977845788002014,False
IMG_004,IMG_002,29,0.039481308311223984,False
IMG_004,IMG_018,30,0.032562289386987686,False
IMG_005,IMG_012,1,0.14177964627742767,False
IMG_005,IMG_003,2,0.10927370935678482,False
IMG_005,IMG_006,3,0.10557202994823456,False
IMG_005,IMG_018,4,0.105198435485363,False
IMG_005,IMG_016,5,0.1028701663017273,False
IMG_005,IMG_008,6,0.10172369331121445,False
IMG_005,IMG_005,7,0.09732145071029663,True
IMG_005,IMG_025,8,0.09435677528381348,False
IMG_005,IMG_009,9,0.08841574937105179,False
IMG_005,IMG_002,10,0.08789326250553131,False
IMG_005,IMG_017,11,0.08704179525375366,False
IMG_005,IMG_026,12,0.08635802567005157,False
IMG_005,IMG_013,13,0.07620830833911896,False
IMG_005,IMG_004,14,0.0761462077498436,False
IMG_005,IMG_022,15,0.07562807202339172,False
IMG_005,IMG_010,16,0.07433716207742691,False
IMG_005,IMG_021,17,0.07391306757926941,False
IMG_005,IMG_007,18,0.07262544333934784,False
IMG_005,IMG_024,19,0.07170693576335907,False
IMG_005,IMG_027,20,0.06971003860235214,False
IMG_005,IMG_029,21,0.06724779307842255,False
IMG_005,IMG_014,22,0.06487506628036499,False
IMG_005,IMG_001,23,0.06390108168125153,False
IMG_005,IMG_030,24,0.060066670179367065,False
IMG_005,IMG_020,25,0.05939154699444771,False
IMG_005,IMG_023,26,0.05594482272863388,False
IMG_005,IMG_015,27,0.05379551649093628,False
IMG_005,IMG_019,28,0.041991785168647766,False
IMG_005,IMG_028,29,0.03975529968738556,False
IMG_005,IMG_011,30,0.03594452142715454,False
IMG_006,IMG_006,1,0.12415435910224915,True
IMG_006,IMG_001,2,0.10335426777601242,False
IMG_006,IMG_028,3,0.10098640620708466,False
IMG_006,IMG_008,4,0.10004861652851105,False
IMG_006,IMG_025,5,0.09548592567443848,False
IMG_006,IMG_007,6,0.09158652275800705,False
IMG_006,IMG_013,7,0.09155270457267761,False
IMG_006,IMG_022,8,0.0906456783413887,False
IMG_006,IMG_019,9,0.08491414785385132,False
IMG_006,IMG_021,10,0.08309420943260193,False
IMG_006,IMG_005,11,0.08160531520843506,False
IMG_006,IMG_027,12,0.08048096299171448,False
IMG_006,IMG_026,13,0.07786278426647186,False
IMG_006,IMG_014,14,0.07750348746776581,False
IMG_006,IMG_023,15,0.07732348144054413,False
IMG_006,IMG_012,16,0.0768669992685318,False
IMG_006,IMG_024,17,0.07600164413452148,False
IMG_006,IMG_015,18,0.07268866896629333,False
IMG_006,IMG_009,19,0.06993258744478226,False
IMG_006,IMG_016,20,0.06682253628969193,False
IMG_006,IMG_010,21,0.06604770570993423,False
IMG_006,IMG_002,22,0.05498354509472847,False
IMG_006,IMG_011,23,0.05445794016122818,False
IMG_006,IMG_004,24,0.05419827252626419,False
IMG_006,IMG_017,25,0.04895921051502228,False
IMG_006,IMG_029,26,0.04779449477791786,False
IMG_006,IMG_003,27,0.04762517660856247,False
IMG_006,IMG_030,28,0.04434819892048836,False
IMG_006,IMG_020,29,0.03561436012387276,False
IMG_006,IMG_018,30,0.031208965927362442,False
IMG_007,IMG_004,1,0.09488711506128311,False
IMG_007,IMG_003,2,0.09481757879257202,False
IMG_007,IMG_027,3,0.09309302270412445,False
IMG_007,IMG_012,4,0.09006011486053467,False
IMG_007,IMG_007,5,0.08662029355764389,True
IMG_007,IMG_020,6,0.08535772562026978,False
IMG_007,IMG_011,7,0.08459562063217163,False
IMG_007,IMG_014,8,0.08183261007070541,False
IMG_007,IMG_008,9,0.07487614452838898,False
IMG_007,IMG_006,10,0.07356604933738708,False
IMG_007,IMG_019,11,0.07130914181470871,False
IMG_007,IMG_017,12,0.06814301759004593,False
IMG_007,IMG_026,13,0.062083370983600616,False
IMG_007,IMG_016,14,0.05981672182679176,False
IMG_007,IMG_021,15,0.05956999212503433,False
IMG_007,IMG_024,16,0.05771925672888756,False
IMG_007,IMG_009,17,0.05675523355603218,False
IMG_007,IMG_015,18,0.05501699075102806,False
IMG_007,IMG_023,19,0.05292230844497681,False
IMG_007,IMG_025,20,0.04920482635498047,False
IMG_007,IMG_005,21,0.04854510352015495,False
IMG_007,IMG_010,22,0.04704032093286514,False
IMG_007,IMG_022,23,0.043946873396635056,False
IMG_007,IMG_002,24,0.042886536568403244,False
IMG_007,IMG_028,25,0.04274933785200119,False
IMG_007,IMG_029,26,0.0423101969063282,False
IMG_007,IMG_001,27,0.04068683832883835,False
IMG_007,IMG_013,28,0.03365885093808174,False
IMG_007,IMG_018,29,0.022987350821495056,False
IMG_007,IMG_030,30,0.010425351560115814,False
IMG_008,IMG_008,1,0.16357992589473724,True
IMG_008,IMG_021,2,0.13630425930023193,False
IMG_008,IMG_006,3,0.0938354879617691,False
IMG_008,IMG_007,4,0.08134464919567108,False
IMG_008,IMG_004,5,0.07690978050231934,False
IMG_008,IMG_015,6,0.07689834386110306,False
IMG_008,IMG_017,7,0.07304747402667999,False
IMG_008,IMG_027,8,0.07278717309236526,False
IMG_008,IMG_012,9,0.07237806171178818,False
IMG_008,IMG_019,10,0.06777486205101013,False
IMG_008,IMG_028,11,0.06628908216953278,False
IMG_008,IMG_024,12,0.057988472282886505,False
IMG_008,IMG_010,13,0.054276954382658005,False
IMG_008,IMG_023,14,0.05394715815782547,False
IMG_008,IMG_016,15,0.044203583151102066,False
IMG_008,IMG_014,16,0.040197234600782394,False
IMG_008,IMG_001,17,0.039285752922296524,False
IMG_008,IMG_013,18,0.03858775645494461,False
IMG_008,IMG_022,19,0.03802216798067093,False
IMG_008,IMG_020,20,0.03540795296430588,False
IMG_008,IMG_029,21,0.03434564918279648,False
IMG_008,IMG_025,22,0.031996674835681915,False
IMG_008,IMG_026,23,0.028460633009672165,False
IMG_008,IMG_005,24,0.026377450674772263,False
IMG_008,IMG_009,25,0.025328194722533226,False
IMG_008,IMG_003,26,0.021131522953510284,False
IMG_008,IMG_011,27,0.01371991541236639,False
IMG_008,IMG_002,28,0.012643489055335522,False
IMG_008,IMG_030,29,0.00666302815079689,False
IMG_008,IMG_018,30,-0.0011378591880202293,False
IMG_009,IMG_012,1,0.13731494545936584,False
IMG_009,IMG_009,2,0.11553233116865158,True
IMG_009,IMG_003,3,0.10232776403427124,False
IMG_009,IMG_018,4,0.09558740258216858,False
IMG_009,IMG_016,5,0.09380662441253662,False
IMG_009,IMG_022,6,0.0929526686668396,False
IMG_009,IMG_006,7,0.08391173928976059,False
IMG_009,IMG_005,8,0.08131520450115204,False
IMG_009,IMG_029,9,0.07972791790962219,False
IMG_009,IMG_026,10,0.0790465772151947,False
IMG_009,IMG_002,11,0.07542078197002411,False
IMG_009,IMG_008,12,0.07165765762329102,False
IMG_009,IMG_013,13,0.07113929092884064,False
IMG_009,IMG_025,14,0.0658624917268753,False
IMG_009,IMG_017,15,0.06444541364908218,False
IMG_009,IMG_004,16,0.06393874436616898,False
IMG_009,IMG_007,17,0.06263317167758942,False
IMG_009,IMG_027,18,0.061527181416749954,False
IMG_009,IMG_030,19,0.05911697447299957,False
IMG_009,IMG_014,20,0.05880362167954445,False
IMG_009,IMG_024,21,0.05797399580478668,False
IMG_009,IMG_010,22,0.05782873183488846,False
IMG_009,IMG_021,23,0.05405821651220322,False
IMG_009,IMG_001,24,0.04990475997328758,False
IMG_009,IMG_023,25,0.04483283311128616,False
IMG_009,IMG_019,26,0.03414766490459442,False
IMG_009,IMG_011,27,0.029986124485731125,False
IMG_009,IMG_015,28,0.029573606327176094,False
IMG_009,IMG_020,29,0.029278423637151718,False
IMG_009,IMG_028,30,0.01950681209564209,False
IMG_010,IMG_027,1,0.10352422297000885,False
IMG_010,IMG_006,2,0.09258755296468735,False
IMG_010,IMG_013,3,0.09101894497871399,False
IMG_010,IMG_016,4,0.08934127539396286,False
IMG_010,IMG_008,5,0.08655518293380737,False
IMG_010,IMG_014,6,0.08569200336933136,False
IMG_010,IMG_011,7,0.07949815690517426,False
IMG_010,IMG_003,8,0.07670958340167999,False
IMG_010,IMG_012,9,0.07565289735794067,False
IMG_010,IMG_026,10,0.07526151835918427,False
IMG_010,IMG_010,11,0.07384949922561646,True
IMG_010,IMG_028,12,0.07357929646968842,False
IMG_010,IMG_019,13,0.07354006171226501,False
IMG_010,IMG_022,14,0.0708707869052887,False
IMG_010,IMG_017,15,0.07037138938903809,False
IMG_010,IMG_007,16,0.06941341608762741,False
IMG_010,IMG_004,17,0.06867663562297821,False
IMG_010,IMG_009,18,0.06533238291740417,False
IMG_010,IMG_001,19,0.06472374498844147,False
IMG_010,IMG_015,20,0.06410461664199829,False
IMG_010,IMG_021,21,0.06270509213209152,False
IMG_010,IMG_023,22,0.05919952690601349,False
IMG_010,IMG_025,23,0.059094056487083435,False
IMG_010,IMG_005,24,0.05826626718044281,False
IMG_010,IMG_024,25,0.05782349780201912,False
IMG_010,IMG_002,26,0.05599043890833855,False
IMG_010,IMG_029,27,0.0547979399561882,False
IMG_010,IMG_020,28,0.0464712493121624,False
IMG_010,IMG_018,29,0.0341385081410408,False
IMG_010,IMG_030,30,0.026345305144786835,False
IMG_011,IMG_011,1,0.12519794702529907,True
IMG_011,IMG_003,2,0.10762374103069305,False
IMG_011,IMG_012,3,0.10169698297977448,False
IMG_011,IMG_007,4,0.10089602321386337,False
IMG_011,IMG_014,5,0.10032469034194946,False
IMG_011,IMG_027,6,0.09225849062204361,False
IMG_011,IMG_008,7,0.08939725160598755,False
IMG_011,IMG_004,8,0.08649726212024689,False
IMG_011,IMG_006,9,0.08568736910820007,False
IMG_011,IMG_024,10,0.0773569643497467,False
IMG_011,IMG_017,11,0.0755302757024765,False
IMG_011,IMG_021,12,0.07464514672756195,False
IMG_011,IMG_010,13,0.07284685969352722,False
IMG_011,IMG_020,14,0.07279036939144135,False
IMG_011,IMG_026,15,0.06700381636619568,False
IMG_011,IMG_019,16,0.05982343107461929,False
IMG_011,IMG_022,17,0.058822959661483765,False
IMG_011,IMG_015,18,0.055706463754177094,False
IMG_011,IMG_016,19,0.05113367363810539,False
IMG_011,IMG_001,20,0.0462849885225296,False
IMG_011,IMG_025,21,0.044768430292606354,False
IMG_011,IMG_023,22,0.043976183980703354,False
IMG_011,IMG_009,23,0.04137785732746124,False
IMG_011,IMG_028,24,0.03983297199010849,False
IMG_011,IMG_005,25,0.03742457926273346,False
IMG_011,IMG_029,26,0.02969326451420784,False
IMG_011,IMG_013,27,0.02940802276134491,False
IMG_011,IMG_002,28,0.021635103970766068,False
IMG_011,IMG_018,29,0.01033453457057476,False
IMG_011,IMG_030,30,-0.01578531228005886,False
IMG_012,IMG_002,1,0.11914478242397308,False
IMG_012,IMG_012,2,0.1107875183224678,True
IMG_012,IMG_003,3,0.1095723807811737,False
IMG_012,IMG_014,4,0.1086018979549408,False
IMG_012,IMG_006,5,0.10178536921739578,False
IMG_012,IMG_008,6,0.10115119814872742,False
IMG_012,IMG_016,7,0.09847204387187958,False
IMG_012,IMG_025,8,0.09812463819980621,False
IMG_012,IMG_013,9,0.09671934694051743,False
IMG_012,IMG_017,10,0.09487076103687286,False
IMG_012,IMG_007,11,0.09361900389194489,False
IMG_012,IMG_004,12,0.09110620617866516,False
IMG_012,IMG_027,13,0.08480538427829742,False
IMG_012,IMG_024,14,0.08127617090940475,False
IMG_012,IMG_026,15,0.07938853651285172,False
IMG_012,IMG_021,16,0.07747341692447662,False
IMG_012,IMG_019,17,0.07528937608003616,False
IMG_012,IMG_010,18,0.07171459496021271,False
IMG_012,IMG_009,19,0.06861382722854614,False
IMG_012,IMG_029,20,0.0663687139749527,False
IMG_012,IMG_015,21,0.06556681543588638,False
IMG_012,IMG_005,22,0.06275364756584167,False
IMG_012,IMG_023,23,0.06178262084722519,False
IMG_012,IMG_011,24,0.061244189739227295,False
IMG_012,IMG_022,25,0.05871901288628578,False
IMG_012,IMG_028,26,0.058033473789691925,False
IMG_012,IMG_001,27,0.05763469636440277,False
IMG_012,IMG_020,28,0.054658565670251846,False
IMG_012,IMG_018,29,0.03206973895430565,False
IMG_012,IMG_030,30,0.029259009286761284,False
IMG_013,IMG_013,1,0.18086862564086914,True
IMG_013,IMG_029,2,0.13058389723300934,False
IMG_013,IMG_016,3,0.12842418253421783,False
IMG_013,IMG_006,4,0.10866071283817291,False
IMG_013,IMG_022,5,0.10008443892002106,False
IMG_013,IMG_030,6,0.09671558439731598,False
IMG_013,IMG_003,7,0.09487242996692657,False
IMG_013,IMG_009,8,0.09090574830770493,False
IMG_013,IMG_027,9,0.08772393316030502,False
IMG_013,IMG_012,10,0.08196251839399338,False
IMG_013,IMG_014,11,0.08109349757432938,False
IMG_013,IMG_017,12,0.07994838058948517,False
IMG_013,IMG_008,13,0.0774737149477005,False
IMG_013,IMG_001,14,0.0774289071559906,False
IMG_013,IMG_005,15,0.0759720504283905,False
IMG_013,IMG_002,16,0.07073266059160233,False
IMG_013,IMG_028,17,0.07037389278411865,False
IMG_013,IMG_018,18,0.07031141221523285,False
IMG_013,IMG_026,19,0.06045467406511307,False
IMG_013,IMG_023,20,0.05492459237575531,False
IMG_013,IMG_021,21,0.05480322614312172,False
IMG_013,IMG_004,22,0.051560163497924805,False
IMG_013,IMG_015,23,0.049410756677389145,False
IMG_013,IMG_010,24,0.04630012437701225,False
IMG_013,IMG_024,25,0.04207969456911087,False
IMG_013,IMG_025,26,0.04167872667312622,False
IMG_013,IMG_007,27,0.0386962816119194,False
IMG_013,IMG_019,28,0.029402945190668106,False
IMG_013,IMG_011,29,0.021650176495313644,False
IMG_013,IMG_020,30,0.011820787563920021,False
IMG_014,IMG_014,1,0.1100916787981987,True
IMG_014,IMG_001,2,0.09535213559865952,False
IMG_014,IMG_006,3,0.08699901401996613,False
IMG_014,IMG_027,4,0.08287931978702545,False
IMG_014,IMG_008,5,0.08100272715091705,False
IMG_014,IMG_004,6,0.08042517304420471,False
IMG_014,IMG_011,7,0.07832362502813339,False
IMG_014,IMG_016,8,0.07434672117233276,False
IMG_014,IMG_012,9,0.07421115040779114,False
IMG_014,IMG_010,10,0.07389314472675323,False
IMG_014,IMG_003,11,0.07353171706199646,False
IMG_014,IMG_017,12,0.07118929922580719,False
IMG_014,IMG_013,13,0.06845008581876755,False
IMG_014,IMG_021,14,0.06628727167844772,False
IMG_014,IMG_028,15,0.06590578705072403,False
IMG_014,IMG_019,16,0.06214931234717369,False
IMG_014,IMG_023,17,0.060500964522361755,False
IMG_014,IMG_007,18,0.05975846201181412,False
IMG_014,IMG_026,19,0.05830823630094528,False
IMG_014,IMG_025,20,0.05767021328210831,False
IMG_014,IMG_024,21,0.05558052286505699,False
IMG_014,IMG_009,22,0.050726186484098434,False
IMG_014,IMG_015,23,0.050350040197372437,False
IMG_014,IMG_005,24,0.04953987896442413,False
IMG_014,IMG_022,25,0.048867858946323395,False
IMG_014,IMG_029,26,0.045307084918022156,False
IMG_014,IMG_020,27,0.0397404320538044,False
IMG_014,IMG_018,28,0.03462798520922661,False
IMG_014,IMG_002,29,0.0330335795879364,False
IMG_014,IMG_030,30,0.024070482701063156,False
IMG_015,IMG_015,1,0.1062602624297142,True
IMG_015,IMG_007,2,0.10356000065803528,False
IMG_015,IMG_008,3,0.10087171196937561,False
IMG_015,IMG_006,4,0.09365203976631165,False
IMG_015,IMG_019,5,0.08584059774875641,False
IMG_015,IMG_016,6,0.08325733244419098,False
IMG_015,IMG_001,7,0.08217471092939377,False
IMG_015,IMG_025,8,0.08074895292520523,False
IMG_015,IMG_012,9,0.07926366478204727,False
IMG_015,IMG_013,10,0.07871751487255096,False
IMG_015,IMG_026,11,0.07712247967720032,False
IMG_015,IMG_014,12,0.07447052001953125,False
IMG_015,IMG_024,13,0.07395052909851074,False
IMG_015,IMG_021,14,0.07388751208782196,False
IMG_015,IMG_017,15,0.07327087223529816,False
IMG_015,IMG_027,16,0.07306338101625443,False
IMG_015,IMG_010,17,0.07129429280757904,False
IMG_015,IMG_022,18,0.0710538923740387,False
IMG_015,IMG_002,19,0.06363558769226074,False
IMG_015,IMG_028,20,0.06179289519786835,False
IMG_015,IMG_009,21,0.058314815163612366,False
IMG_015,IMG_004,22,0.05445372313261032,False
IMG_015,IMG_023,23,0.05368651822209358,False
IMG_015,IMG_005,24,0.052328113466501236,False
IMG_015,IMG_003,25,0.04625099152326584,False
IMG_015,IMG_011,26,0.042712874710559845,False
IMG_015,IMG_029,27,0.041923992335796356,False
IMG_015,IMG_020,28,0.02800566889345646,False
IMG_015,IMG_018,29,0.023702137172222137,False
IMG_015,IMG_030,30,0.023170167580246925,False
IMG_016,IMG_029,1,0.12954820692539215,False
IMG_016,IMG_006,2,0.12445181608200073,False
IMG_016,IMG_003,3,0.12177829444408417,False
IMG_016,IMG_013,4,0.11594205349683762,False
IMG_016,IMG_016,5,0.1103614792227745,True
IMG_016,IMG_012,6,0.10501673817634583,False
IMG_016,IMG_008,7,0.08556214720010757,False
IMG_016,IMG_017,8,0.08226531744003296,False
IMG_016,IMG_002,9,0.07673095166683197,False
IMG_016,IMG_009,10,0.07655778527259827,False
IMG_016,IMG_014,11,0.0764697939157486,False
IMG_016,IMG_025,12,0.07130385935306549,False
IMG_016,IMG_026,13,0.06659785658121109,False
IMG_016,IMG_004,14,0.06470144540071487,False
IMG_016,IMG_021,15,0.06164522469043732,False
IMG_016,IMG_018,16,0.0611422061920166,False
IMG_016,IMG_001,17,0.06059332937002182,False
IMG_016,IMG_005,18,0.05953370779752731,False
IMG_016,IMG_027,19,0.05734541639685631,False
IMG_016,IMG_022,20,0.0572734959423542,False
IMG_016,IMG_007,21,0.05630114674568176,False
IMG_016,IMG_015,22,0.050748080015182495,False
IMG_016,IMG_030,23,0.04881589859724045,False
IMG_016,IMG_024,24,0.047788120806217194,False
IMG_016,IMG_010,25,0.0462527796626091,False
IMG_016,IMG_023,26,0.037912942469120026,False
IMG_016,IMG_019,27,0.03549081087112427,False
IMG_016,IMG_028,28,0.03200284391641617,False
IMG_016,IMG_011,29,0.031234782189130783,False
IMG_016,IMG_020,30,0.02565523236989975,False
IMG_017,IMG_008,1,0.12823182344436646,False
IMG_017,IMG_004,2,0.12801194190979004,False
IMG_017,IMG_017,3,0.12138892710208893,True
IMG_017,IMG_010,4,0.09991604089736938,False
IMG_017,IMG_012,5,0.09457842260599136,False
IMG_017,IMG_006,6,0.09404690563678741,False
IMG_017,IMG_021,7,0.09178636223077774,False
IMG_017,IMG_014,8,0.09048399329185486,False
IMG_017,IMG_026,9,0.0702609196305275,False
IMG_017,IMG_028,10,0.0700368732213974,False
IMG_017,IMG_003,11,0.06714172661304474,False
IMG_017,IMG_001,12,0.06595521420240402,False
IMG_017,IMG_027,13,0.06500124931335449,False
IMG_017,IMG_013,14,0.06492890417575836,False
IMG_017,IMG_016,15,0.06481093913316727,False
IMG_017,IMG_022,16,0.06207127124071121,False
IMG_017,IMG_024,17,0.061220016330480576,False
IMG_017,IMG_011,18,0.05904114246368408,False
IMG_017,IMG_015,19,0.05661355331540108,False
IMG_017,IMG_007,20,0.05039915442466736,False
IMG_017,IMG_019,21,0.04793304577469826,False
IMG_017,IMG_023,22,0.046182289719581604,False
IMG_017,IMG_009,23,0.04596646502614021,False
IMG_017,IMG_030,24,0.04393354058265686,False
IMG_017,IMG_005,25,0.04184648394584656,False
IMG_017,IMG_025,26,0.04065503180027008,False
IMG_017,IMG_020,27,0.035710837692022324,False
IMG_017,IMG_029,28,0.03328865021467209,False
IMG_017,IMG_002,29,0.0332159698009491,False
IMG_017,IMG_018,30,0.015365864150226116,False
IMG_018,IMG_012,1,0.12599217891693115,False
IMG_018,IMG_022,2,0.11158858239650726,False
IMG_018,IMG_006,3,0.1113794818520546,False
IMG_018,IMG_005,4,0.10665881633758545,False
IMG_018,IMG_009,5,0.10640648007392883,False
IMG_018,IMG_008,6,0.10274477303028107,False
IMG_018,IMG_003,7,0.10096452385187149,False
IMG_018,IMG_025,8,0.09769494831562042,False
IMG_018,IMG_016,9,0.09339075535535812,False
IMG_018,IMG_018,10,0.08875774592161179,True
IMG_018,IMG_026,11,0.08871482312679291,False
IMG_018,IMG_027,12,0.08692175149917603,False
IMG_018,IMG_002,13,0.08317513018846512,False
IMG_018,IMG_017,14,0.08268964290618896,False
IMG_018,IMG_013,15,0.08247347921133041,False
IMG_018,IMG_021,16,0.0810200572013855,False
IMG_018,IMG_030,17,0.07629794627428055,False
IMG_018,IMG_014,18,0.07626746594905853,False
IMG_018,IMG_010,19,0.0761161595582962,False
IMG_018,IMG_007,20,0.07543444633483887,False
IMG_018,IMG_004,21,0.07272879779338837,False
IMG_018,IMG_024,22,0.07249525189399719,False
IMG_018,IMG_001,23,0.0718161091208458,False
IMG_018,IMG_029,24,0.0642147809267044,False
IMG_018,IMG_023,25,0.0639018714427948,False
IMG_018,IMG_028,26,0.06340350210666656,False
IMG_018,IMG_019,27,0.05422719568014145,False
IMG_018,IMG_015,28,0.05214271694421768,False
IMG_018,IMG_020,29,0.04661014676094055,False
IMG_018,IMG_011,30,0.04508072882890701,False
IMG_019,IMG_019,1,0.1335512101650238,True
IMG_019,IMG_008,2,0.12164846062660217,False
IMG_019,IMG_006,3,0.11502964794635773,False
IMG_019,IMG_023,4,0.11355754733085632,False
IMG_019,IMG_028,5,0.11161431670188904,False
IMG_019,IMG_015,6,0.11110395193099976,False
IMG_019,IMG_007,7,0.10377541184425354,False
IMG_019,IMG_021,8,0.10177193582057953,False
IMG_019,IMG_012,9,0.10098867118358612,False
IMG_019,IMG_001,10,0.09775841236114502,False
IMG_019,IMG_004,11,0.09574421495199203,False
IMG_019,IMG_027,12,0.09101326763629913,False
IMG_019,IMG_014,13,0.08358459919691086,False
IMG_019,IMG_024,14,0.08200375735759735,False
IMG_019,IMG_025,15,0.08164116740226746,False
IMG_019,IMG_017,16,0.0805419385433197,False
IMG_019,IMG_011,17,0.08037681132555008,False
IMG_019,IMG_022,18,0.0801093578338623,False
IMG_019,IMG_005,19,0.0779983326792717,False
IMG_019,IMG_016,20,0.0754241868853569,False
IMG_019,IMG_013,21,0.06819333881139755,False
IMG_019,IMG_010,22,0.0641595870256424,False
IMG_019,IMG_026,23,0.061278145760297775,False
IMG_019,IMG_003,24,0.060887038707733154,False
IMG_019,IMG_009,25,0.05667731165885925,False
IMG_019,IMG_002,26,0.04590078443288803,False
IMG_019,IMG_020,27,0.044504135847091675,False
IMG_019,IMG_030,28,0.042587365955114365,False
IMG_019,IMG_029,29,0.03443898260593414,False
IMG_019,IMG_018,30,0.028960805386304855,False
IMG_020,IMG_027,1,0.09029297530651093,False
IMG_020,IMG_020,2,0.08317701518535614,True
IMG_020,IMG_014,3,0.07271851599216461,False
IMG_020,IMG_011,4,0.06266342103481293,False
IMG_020,IMG_004,5,0.05913027375936508,False
IMG_020,IMG_012,6,0.05586870759725571,False
IMG_020,IMG_007,7,0.055689629167318344,False
IMG_020,IMG_019,8,0.04949135333299637,False
IMG_020,IMG_008,9,0.048962149769067764,False
IMG_020,IMG_003,10,0.04323022812604904,False
IMG_020,IMG_006,11,0.0383312962949276,False
IMG_020,IMG_009,12,0.034257229417562485,False
IMG_020,IMG_005,13,0.03370186686515808,False
IMG_020,IMG_022,14,0.03229494392871857,False
IMG_020,IMG_028,15,0.031023642048239708,False
IMG_020,IMG_015,16,0.030155155807733536,False
IMG_020,IMG_017,17,0.028247689828276634,False
IMG_020,IMG_001,18,0.027778584510087967,False
IMG_020,IMG_016,19,0.027079861611127853,False
IMG_020,IMG_026,20,0.025782175362110138,False
IMG_020,IMG_024,21,0.024953719228506088,False
IMG_020,IMG_021,22,0.023867055773735046,False
IMG_020,IMG_023,23,0.022000376135110855,False
IMG_020,IMG_025,24,0.02063124254345894,False
IMG_020,IMG_002,25,0.009569842368364334,False
IMG_020,IMG_029,26,0.005446715280413628,False
IMG_020,IMG_010,27,0.0019465740770101547,False
IMG_020,IMG_013,28,8.994713425636292e-05,False
IMG_020,IMG_018,29,-0.007608932442963123,False
IMG_020,IMG_030,30,-0.007762165740132332,False
IMG_021,IMG_008,1,0.17619363963603973,False
IMG_021,IMG_021,2,0.15882176160812378,True
IMG_021,IMG_006,3,0.12291432917118073,False
IMG_021,IMG_004,4,0.10732007771730423,False
IMG_021,IMG_012,5,0.1058577448129654,False
IMG_021,IMG_017,6,0.10156765580177307,False
IMG_021,IMG_007,7,0.10022328794002533,False
IMG_021,IMG_015,8,0.0893717110157013,False
IMG_021,IMG_019,9,0.08692051470279694,False
IMG_021,IMG_027,10,0.08535929024219513,False
IMG_021,IMG_024,11,0.08375421166419983,False
IMG_021,IMG_010,12,0.08273056894540787,False
IMG_021,IMG_014,13,0.08019498735666275,False
IMG_021,IMG_028,14,0.07946579158306122,False
IMG_021,IMG_023,15,0.07878632843494415,False
IMG_021,IMG_001,16,0.06852108240127563,False
IMG_021,IMG_016,17,0.06342663615942001,False
IMG_021,IMG_020,18,0.06151627004146576,False
IMG_021,IMG_029,19,0.06121256574988365,False
IMG_021,IMG_025,20,0.060668494552373886,False
IMG_021,IMG_022,21,0.053678642958402634,False
IMG_021,IMG_013,22,0.053046442568302155,False
IMG_021,IMG_003,23,0.051704276353120804,False
IMG_021,IMG_009,24,0.050166934728622437,False
IMG_021,IMG_026,25,0.048337049782276154,False
IMG_021,IMG_005,26,0.03737431764602661,False
IMG_021,IMG_011,27,0.034561533480882645,False
IMG_021,IMG_030,28,0.03322000056505203,False
IMG_021,IMG_002,29,0.028599396347999573,False
IMG_021,IMG_018,30,0.021419785916805267,False
IMG_022,IMG_022,1,0.12170294672250748,True
IMG_022,IMG_012,2,0.10882382094860077,False
IMG_022,IMG_030,3,0.09651463478803635,False
IMG_022,IMG_009,4,0.09477126598358154,False
IMG_022,IMG_018,5,0.08258424699306488,False
IMG_022,IMG_013,6,0.08212989568710327,False
IMG_022,IMG_006,7,0.07887028157711029,False
IMG_022,IMG_016,8,0.07705209404230118,False
IMG_022,IMG_008,9,0.07576757669448853,False
IMG_022,IMG_017,10,0.07112086564302444,False
IMG_022,IMG_015,11,0.06655445694923401,False
IMG_022,IMG_005,12,0.06579192727804184,False
IMG_022,IMG_023,13,0.06401460617780685,False
IMG_022,IMG_028,14,0.0627291277050972,False
IMG_022,IMG_002,15,0.06148609519004822,False
IMG_022,IMG_003,16,0.0604129284620285,False
IMG_022,IMG_029,17,0.057613305747509,False
IMG_022,IMG_027,18,0.05593051016330719,False
IMG_022,IMG_010,19,0.054414644837379456,False
IMG_022,IMG_021,20,0.05393894016742706,False
IMG_022,IMG_004,21,0.051828570663928986,False
IMG_022,IMG_001,22,0.05164482444524765,False
IMG_022,IMG_026,23,0.04833271726965904,False
IMG_022,IMG_025,24,0.04737761616706848,False
IMG_022,IMG_014,25,0.037649158388376236,False
IMG_022,IMG_024,26,0.03615506365895271,False
IMG_022,IMG_007,27,0.03263704851269722,False
IMG_022,IMG_019,28,0.03144746273756027,False
IMG_022,IMG_011,29,0.010020985268056393,False
IMG_022,IMG_020,30,0.008387129753828049,False
IMG_023,IMG_028,1,0.12333334237337112,False
IMG_023,IMG_023,2,0.10329572856426239,True
IMG_023,IMG_006,3,0.10273799300193787,False
IMG_023,IMG_015,4,0.09587042033672333,False
IMG_023,IMG_027,5,0.09429802000522614,False
IMG_023,IMG_008,6,0.08899664878845215,False
IMG_023,IMG_013,7,0.08806385099887848,False
IMG_023,IMG_019,8,0.08637582510709763,False
IMG_023,IMG_001,9,0.08342990279197693,False
IMG_023,IMG_017,10,0.08192755281925201,False
IMG_023,IMG_016,11,0.07933277636766434,False
IMG_023,IMG_025,12,0.07809625566005707,False
IMG_023,IMG_012,13,0.07201893627643585,False
IMG_023,IMG_022,14,0.07171051949262619,False
IMG_023,IMG_007,15,0.07110504060983658,False
IMG_023,IMG_011,16,0.07042719423770905,False
IMG_023,IMG_005,17,0.07021228224039078,False
IMG_023,IMG_014,18,0.0694589614868164,False
IMG_023,IMG_004,19,0.06918516010046005,False
IMG_023,IMG_026,20,0.06516086310148239,False
IMG_023,IMG_010,21,0.0641501247882843,False
IMG_023,IMG_021,22,0.0620756670832634,False
IMG_023,IMG_024,23,0.052777282893657684,False
IMG_023,IMG_009,24,0.050937436521053314,False
IMG_023,IMG_002,25,0.04946451261639595,False
IMG_023,IMG_003,26,0.04125624895095825,False
IMG_023,IMG_030,27,0.03523758053779602,False
IMG_023,IMG_029,28,0.03261502832174301,False
IMG_023,IMG_020,29,0.030976008623838425,False
IMG_023,IMG_018,30,0.0207582525908947,False
IMG_024,IMG_027,1,0.12629808485507965,False
IMG_024,IMG_020,2,0.0897476077079773,False
IMG_024,IMG_019,3,0.08688989281654358,False
IMG_024,IMG_004,4,0.08358577638864517,False
IMG_024,IMG_011,5,0.07965054363012314,False
IMG_024,IMG_007,6,0.07900829613208771,False
IMG_024,IMG_012,7,0.07432949542999268,False
IMG_024,IMG_014,8,0.0687728002667427,False
IMG_024,IMG_006,9,0.0676870048046112,False
IMG_024,IMG_008,10,0.06718253344297409,False
IMG_024,IMG_003,11,0.062285467982292175,False
IMG_024,IMG_028,12,0.06003019958734512,False
IMG_024,IMG_025,13,0.05780487507581711,False
IMG_024,IMG_022,14,0.05778179317712784,False
IMG_024,IMG_005,15,0.056811295449733734,False
IMG_024,IMG_001,16,0.0566931776702404,False
IMG_024,IMG_015,17,0.056115686893463135,False
IMG_024,IMG_023,18,0.053746435791254044,False
IMG_024,IMG_026,19,0.04937237873673439,False
IMG_024,IMG_024,20,0.04813435301184654,True
IMG_024,IMG_009,21,0.047524794936180115,False
IMG_024,IMG_021,22,0.044254329055547714,False
IMG_024,IMG_017,23,0.041281260550022125,False
IMG_024,IMG_002,24,0.03958922624588013,False
IMG_024,IMG_013,25,0.03939523547887802,False
IMG_024,IMG_016,26,0.0364767424762249,False
IMG_024,IMG_010,27,0.03509186580777168,False
IMG_024,IMG_029,28,0.02912348136305809,False
IMG_024,IMG_018,29,0.02260499820113182,False
IMG_024,IMG_030,30,0.007982373237609863,False
IMG_025,IMG_002,1,0.10539591312408447,False
IMG_025,IMG_003,2,0.10311979055404663,False
IMG_025,IMG_027,3,0.0994795635342598,False
IMG_025,IMG_014,4,0.09662824869155884,False
IMG_025,IMG_012,5,0.09606378525495529,False
IMG_025,IMG_025,6,0.09267832338809967,True
IMG_025,IMG_007,7,0.08898723125457764,False
IMG_025,IMG_006,8,0.08701392263174057,False
IMG_025,IMG_008,9,0.08383971452713013,False
IMG_025,IMG_016,10,0.0751723051071167,False
IMG_025,IMG_004,11,0.07467710971832275,False
IMG_025,IMG_024,12,0.07167299091815948,False
IMG_025,IMG_019,13,0.07117549329996109,False
IMG_025,IMG_026,14,0.07035412639379501,False
IMG_025,IMG_013,15,0.07009914517402649,False
IMG_025,IMG_017,16,0.06716018915176392,False
IMG_025,IMG_021,17,0.06263960897922516,False
IMG_025,IMG_009,18,0.0612030066549778,False
IMG_025,IMG_010,19,0.05850110203027725,False
IMG_025,IMG_005,20,0.05669030919671059,False
IMG_025,IMG_020,21,0.055890291929244995,False
IMG_025,IMG_011,22,0.05393381416797638,False
IMG_025,IMG_028,23,0.048899609595537186,False
IMG_025,IMG_015,24,0.04883815720677376,False
IMG_025,IMG_022,25,0.047610536217689514,False
IMG_025,IMG_023,26,0.043464429676532745,False
IMG_025,IMG_001,27,0.041326455771923065,False
IMG_025,IMG_029,28,0.0396200567483902,False
IMG_025,IMG_018,29,0.01560872234404087,False
IMG_025,IMG_030,30,-0.004106616601347923,False
IMG_026,IMG_012,1,0.12443919479846954,False
IMG_026,IMG_026,2,0.12193268537521362,True
IMG_026,IMG_006,3,0.10768277943134308,False
IMG_026,IMG_003,4,0.10723912715911865,False
IMG_026,IMG_017,5,0.09386570751667023,False
IMG_026,IMG_016,6,0.09357046335935593,False
IMG_026,IMG_008,7,0.08631592988967896,False
IMG_026,IMG_010,8,0.08397027850151062,False
IMG_026,IMG_007,9,0.08393889665603638,False
IMG_026,IMG_024,10,0.08379308879375458,False
IMG_026,IMG_005,11,0.07965505123138428,False
IMG_026,IMG_014,12,0.07783578336238861,False
IMG_026,IMG_025,13,0.0776418149471283,False
IMG_026,IMG_018,14,0.07742741703987122,False
IMG_026,IMG_004,15,0.07720577716827393,False
IMG_026,IMG_001,16,0.0724048912525177,False
IMG_026,IMG_013,17,0.06810757517814636,False
IMG_026,IMG_021,18,0.06781364232301712,False
IMG_026,IMG_002,19,0.06557096540927887,False
IMG_026,IMG_009,20,0.06183825805783272,False
IMG_026,IMG_015,21,0.06111680716276169,False
IMG_026,IMG_022,22,0.05977576598525047,False
IMG_026,IMG_023,23,0.056985218077898026,False
IMG_026,IMG_029,24,0.05017689988017082,False
IMG_026,IMG_019,25,0.04868230223655701,False
IMG_026,IMG_028,26,0.048436131328344345,False
IMG_026,IMG_020,27,0.048113398253917694,False
IMG_026,IMG_027,28,0.04066016525030136,False
IMG_026,IMG_011,29,0.038694802671670914,False
IMG_026,IMG_030,30,0.03724692016839981,False
IMG_027,IMG_008,1,0.10769858211278915,False
IMG_027,IMG_017,2,0.10143259167671204,False
IMG_027,IMG_012,3,0.09960240870714188,False
IMG_027,IMG_016,4,0.09675384312868118,False
IMG_027,IMG_010,5,0.09192980825901031,False
IMG_027,IMG_006,6,0.09162972867488861,False
IMG_027,IMG_004,7,0.08970531821250916,False
IMG_027,IMG_027,8,0.08772113174200058,True
IMG_027,IMG_014,9,0.08046655356884003,False
IMG_027,IMG_013,10,0.0804421454668045,False
IMG_027,IMG_003,11,0.07917484641075134,False
IMG_027,IMG_021,12,0.07795431464910507,False
IMG_027,IMG_026,13,0.07749933749437332,False
IMG_027,IMG_028,14,0.07718180119991302,False
IMG_027,IMG_007,15,0.07448527216911316,False
IMG_027,IMG_024,16,0.07310685515403748,False
IMG_027,IMG_019,17,0.0720168724656105,False
IMG_027,IMG_023,18,0.07137063145637512,False
IMG_027,IMG_009,19,0.07020800560712814,False
IMG_027,IMG_025,20,0.0700480192899704,False
IMG_027,IMG_022,21,0.06890039891004562,False
IMG_027,IMG_011,22,0.06863236427307129,False
IMG_027,IMG_001,23,0.0644606500864029,False
IMG_027,IMG_005,24,0.06436184048652649,False
IMG_027,IMG_015,25,0.0638691633939743,False
IMG_027,IMG_029,26,0.06009814888238907,False
IMG_027,IMG_002,27,0.0536341555416584,False
IMG_027,IMG_020,28,0.05308842286467552,False
IMG_027,IMG_018,29,0.048164576292037964,False
IMG_027,IMG_030,30,0.03879351168870926,False
IMG_028,IMG_023,1,0.12642863392829895,False
IMG_028,IMG_028,2,0.10769655555486679,True
IMG_028,IMG_008,3,0.09562130272388458,False
IMG_028,IMG_019,4,0.08950024098157883,False
IMG_028,IMG_006,5,0.08896076679229736,False
IMG_028,IMG_007,6,0.0835413709282875,False
IMG_028,IMG_001,7,0.07479728758335114,False
IMG_028,IMG_015,8,0.06898150593042374,False
IMG_028,IMG_021,9,0.0668075680732727,False
IMG_028,IMG_004,10,0.06435991078615189,False
IMG_028,IMG_027,11,0.06208736449480057,False
IMG_028,IMG_012,12,0.057039909064769745,False
IMG_028,IMG_025,13,0.05348052456974983,False
IMG_028,IMG_014,14,0.05331677198410034,False
IMG_028,IMG_024,15,0.05241332948207855,False
IMG_028,IMG_017,16,0.05192263051867485,False
IMG_028,IMG_005,17,0.05115203186869621,False
IMG_028,IMG_010,18,0.04889281839132309,False
IMG_028,IMG_013,19,0.04066096246242523,False
IMG_028,IMG_022,20,0.03963659331202507,False
IMG_028,IMG_011,21,0.03265734389424324,False
IMG_028,IMG_026,22,0.030474821105599403,False
IMG_028,IMG_016,23,0.03020108863711357,False
IMG_028,IMG_009,24,0.030146563425660133,False
IMG_028,IMG_003,25,0.02461150661110878,False
IMG_028,IMG_002,26,0.013638724572956562,False
IMG_028,IMG_030,27,0.011277943849563599,False
IMG_028,IMG_029,28,0.010846368037164211,False
IMG_028,IMG_020,29,0.00828560534864664,False
IMG_028,IMG_018,30,-0.009999198839068413,False
IMG_029,IMG_029,1,0.1447453796863556,True
IMG_029,IMG_006,2,0.132072314620018,False
IMG_029,IMG_013,3,0.13112211227416992,False
IMG_029,IMG_003,4,0.12659256160259247,False
IMG_029,IMG_016,5,0.11001785099506378,False
IMG_029,IMG_012,6,0.09982728958129883,False
IMG_029,IMG_017,7,0.0777127593755722,False
IMG_029,IMG_008,8,0.07554122805595398,False
IMG_029,IMG_014,9,0.07457783073186874,False
IMG_029,IMG_009,10,0.07280558347702026,False
IMG_029,IMG_004,11,0.0651307925581932,False
IMG_029,IMG_022,12,0.06456650048494339,False
IMG_029,IMG_002,13,0.06252862513065338,False
IMG_029,IMG_005,14,0.0620163157582283,False
IMG_029,IMG_025,15,0.060546014457941055,False
IMG_029,IMG_026,16,0.059721801429986954,False
IMG_029,IMG_001,17,0.05924394354224205,False
IMG_029,IMG_021,18,0.05916828662157059,False
IMG_029,IMG_007,19,0.0570702999830246,False
IMG_029,IMG_018,20,0.056033991277217865,False
IMG_029,IMG_027,21,0.04984360933303833,False
IMG_029,IMG_024,22,0.049237318336963654,False
IMG_029,IMG_023,23,0.048923708498477936,False
IMG_029,IMG_030,24,0.043510422110557556,False
IMG_029,IMG_015,25,0.04145604372024536,False
IMG_029,IMG_010,26,0.04011889547109604,False
IMG_029,IMG_019,27,0.039456628262996674,False
IMG_029,IMG_028,28,0.03910909965634346,False
IMG_029,IMG_020,29,0.026783660054206848,False
IMG_029,IMG_011,30,0.026611018925905228,False
IMG_030,IMG_013,1,0.11070525646209717,False
IMG_030,IMG_003,2,0.1072550043463707,False
IMG_030,IMG_006,3,0.1042095422744751,False
IMG_030,IMG_016,4,0.09792816638946533,False
IMG_030,IMG_005,5,0.09519731253385544,False
IMG_030,IMG_012,6,0.08746343851089478,False
IMG_030,IMG_027,7,0.08520017564296722,False
IMG_030,IMG_008,8,0.08393131196498871,False
IMG_030,IMG_002,9,0.08137525618076324,False
IMG_030,IMG_018,10,0.07796092331409454,False
IMG_030,IMG_025,11,0.07456798851490021,False
IMG_030,IMG_030,12,0.07302126288414001,True
IMG_030,IMG_022,13,0.07086469233036041,False
IMG_030,IMG_009,14,0.06921829283237457,False
IMG_030,IMG_026,15,0.06920085847377777,False
IMG_030,IMG_001,16,0.0668163001537323,False
IMG_030,IMG_014,17,0.060554664582014084,False
IMG_030,IMG_021,18,0.06049502640962601,False
IMG_030,IMG_029,19,0.060097236186265945,False
IMG_030,IMG_017,20,0.060076914727687836,False
IMG_030,IMG_015,21,0.05229455977678299,False
IMG_030,IMG_024,22,0.05199889838695526,False
IMG_030,IMG_007,23,0.046631425619125366,False
IMG_030,IMG_004,24,0.045185282826423645,False
IMG_030,IMG_010,25,0.044945865869522095,False
IMG_030,IMG_028,26,0.040155328810214996,False
IMG_030,IMG_019,27,0.03768377751111984,False
IMG_030,IMG_020,28,0.031982649117708206,False
IMG_030,IMG_023,29,0.02953220158815384,False
IMG_030,IMG_011,30,0.022558312863111496,False
